MANDT,FISCALYEARVARIANT,CALENDARDATE,FISCALYEAR,FISCALPERIOD,FISCALQUARTER,FQUARTERSORT,FISCALYEARPERIOD,FYPERIODSORT,FISCALWEEK,FWEEKSORT,FISCALYEAROFFSET,FISCALQUARTEROFFSET,FISCALPERIODOFFSET,FISCALWEEKOFFSET,FISCALYEARSTARTDATE,FISCALYEARENDDATE,FISCALPERIODSTARTDATE,FISCALPERIODENDDATE,FISCALQUARTERSTARTDATE,FISCALQUARTERENDDATE,FISCALWEEKSTARTDATE,FISCALWEEKENDDATE,FISCALPERIODWEEKS,FYEAROFFSETI,FQUARTEROFFSETI,FPERIODOFFSETI,FWEEKOFFSETI
400,Z9,1/1/1997,1996,5,199602,199602,1996005,1996005,199618,199618,4974,4896,4690,3645,9/1/1996,8/31/1997,12/29/1996,1/26/1997,12/1/1996,3/2/1997,12/29/1996,1/4/1997,4,-26,-104,-310,-1355
400,Z9,1/2/1997,1996,5,199602,199602,1996005,1996005,199618,199618,4974,4896,4690,3645,9/1/1996,8/31/1997,12/29/1996,1/26/1997,12/1/1996,3/2/1997,12/29/1996,1/4/1997,4,-26,-104,-310,-1355
400,Z9,1/3/1997,1996,5,199602,199602,1996005,1996005,199618,199618,4974,4896,4690,3645,9/1/1996,8/31/1997,12/29/1996,1/26/1997,12/1/1996,3/2/1997,12/29/1996,1/4/1997,4,-26,-104,-310,-1355
400,Z9,1/4/1997,1996,5,199602,199602,1996005,1996005,199618,199618,4974,4896,4690,3645,9/1/1996,8/31/1997,12/29/1996,1/26/1997,12/1/1996,3/2/1997,12/29/1996,1/4/1997,4,-26,-104,-310,-1355
400,Z9,1/5/1997,1996,5,199602,199602,1996005,1996005,199619,199619,4974,4896,4690,3646,9/1/1996,8/31/1997,12/29/1996,1/26/1997,12/1/1996,3/2/1997,1/5/1997,1/11/1997,4,-26,-104,-310,-1354
400,Z9,1/6/1997,1996,5,199602,199602,1996005,1996005,199619,199619,4974,4896,4690,3646,9/1/1996,8/31/1997,12/29/1996,1/26/1997,12/1/1996,3/2/1997,1/5/1997,1/11/1997,4,-26,-104,-310,-1354
400,Z9,1/7/1997,1996,5,199602,199602,1996005,1996005,199619,199619,4974,4896,4690,3646,9/1/1996,8/31/1997,12/29/1996,1/26/1997,12/1/1996,3/2/1997,1/5/1997,1/11/1997,4,-26,-104,-310,-1354
400,Z9,1/8/1997,1996,5,199602,199602,1996005,1996005,199619,199619,4974,4896,4690,3646,9/1/1996,8/31/1997,12/29/1996,1/26/1997,12/1/1996,3/2/1997,1/5/1997,1/11/1997,4,-26,-104,-310,-1354
400,Z9,1/9/1997,1996,5,199602,199602,1996005,1996005,199619,199619,4974,4896,4690,3646,9/1/1996,8/31/1997,12/29/1996,1/26/1997,12/1/1996,3/2/1997,1/5/1997,1/11/1997,4,-26,-104,-310,-1354
400,Z9,1/10/1997,1996,5,199602,199602,1996005,1996005,199619,199619,4974,4896,4690,3646,9/1/1996,8/31/1997,12/29/1996,1/26/1997,12/1/1996,3/2/1997,1/5/1997,1/11/1997,4,-26,-104,-310,-1354
400,Z9,1/11/1997,1996,5,199602,199602,1996005,1996005,199619,199619,4974,4896,4690,3646,9/1/1996,8/31/1997,12/29/1996,1/26/1997,12/1/1996,3/2/1997,1/5/1997,1/11/1997,4,-26,-104,-310,-1354
400,Z9,1/12/1997,1996,5,199602,199602,1996005,1996005,199620,199620,4974,4896,4690,3647,9/1/1996,8/31/1997,12/29/1996,1/26/1997,12/1/1996,3/2/1997,1/12/1997,1/18/1997,4,-26,-104,-310,-1353
400,Z9,1/13/1997,1996,5,199602,199602,1996005,1996005,199620,199620,4974,4896,4690,3647,9/1/1996,8/31/1997,12/29/1996,1/26/1997,12/1/1996,3/2/1997,1/12/1997,1/18/1997,4,-26,-104,-310,-1353
400,Z9,1/14/1997,1996,5,199602,199602,1996005,1996005,199620,199620,4974,4896,4690,3647,9/1/1996,8/31/1997,12/29/1996,1/26/1997,12/1/1996,3/2/1997,1/12/1997,1/18/1997,4,-26,-104,-310,-1353
400,Z9,1/15/1997,1996,5,199602,199602,1996005,1996005,199620,199620,4974,4896,4690,3647,9/1/1996,8/31/1997,12/29/1996,1/26/1997,12/1/1996,3/2/1997,1/12/1997,1/18/1997,4,-26,-104,-310,-1353
400,Z9,1/16/1997,1996,5,199602,199602,1996005,1996005,199620,199620,4974,4896,4690,3647,9/1/1996,8/31/1997,12/29/1996,1/26/1997,12/1/1996,3/2/1997,1/12/1997,1/18/1997,4,-26,-104,-310,-1353
400,Z9,1/17/1997,1996,5,199602,199602,1996005,1996005,199620,199620,4974,4896,4690,3647,9/1/1996,8/31/1997,12/29/1996,1/26/1997,12/1/1996,3/2/1997,1/12/1997,1/18/1997,4,-26,-104,-310,-1353
400,Z9,1/18/1997,1996,5,199602,199602,1996005,1996005,199620,199620,4974,4896,4690,3647,9/1/1996,8/31/1997,12/29/1996,1/26/1997,12/1/1996,3/2/1997,1/12/1997,1/18/1997,4,-26,-104,-310,-1353
400,Z9,1/19/1997,1996,5,199602,199602,1996005,1996005,199621,199621,4974,4896,4690,3648,9/1/1996,8/31/1997,12/29/1996,1/26/1997,12/1/1996,3/2/1997,1/19/1997,1/25/1997,4,-26,-104,-310,-1352
400,Z9,1/20/1997,1996,5,199602,199602,1996005,1996005,199621,199621,4974,4896,4690,3648,9/1/1996,8/31/1997,12/29/1996,1/26/1997,12/1/1996,3/2/1997,1/19/1997,1/25/1997,4,-26,-104,-310,-1352
400,Z9,1/21/1997,1996,5,199602,199602,1996005,1996005,199621,199621,4974,4896,4690,3648,9/1/1996,8/31/1997,12/29/1996,1/26/1997,12/1/1996,3/2/1997,1/19/1997,1/25/1997,4,-26,-104,-310,-1352
400,Z9,1/22/1997,1996,5,199602,199602,1996005,1996005,199621,199621,4974,4896,4690,3648,9/1/1996,8/31/1997,12/29/1996,1/26/1997,12/1/1996,3/2/1997,1/19/1997,1/25/1997,4,-26,-104,-310,-1352
400,Z9,1/23/1997,1996,5,199602,199602,1996005,1996005,199621,199621,4974,4896,4690,3648,9/1/1996,8/31/1997,12/29/1996,1/26/1997,12/1/1996,3/2/1997,1/19/1997,1/25/1997,4,-26,-104,-310,-1352
400,Z9,1/24/1997,1996,5,199602,199602,1996005,1996005,199621,199621,4974,4896,4690,3648,9/1/1996,8/31/1997,12/29/1996,1/26/1997,12/1/1996,3/2/1997,1/19/1997,1/25/1997,4,-26,-104,-310,-1352
400,Z9,1/25/1997,1996,5,199602,199602,1996005,1996005,199621,199621,4974,4896,4690,3648,9/1/1996,8/31/1997,12/29/1996,1/26/1997,12/1/1996,3/2/1997,1/19/1997,1/25/1997,4,-26,-104,-310,-1352
400,Z9,1/26/1997,1996,5,199602,199602,1996005,1996005,199622,199622,4974,4896,4690,3649,9/1/1996,8/31/1997,12/29/1996,1/26/1997,12/1/1996,3/2/1997,1/26/1997,2/1/1997,4,-26,-104,-310,-1351
400,Z9,1/27/1997,1996,6,199602,199602,1996006,1996006,199622,199622,4974,4896,4691,3649,9/1/1996,8/31/1997,1/27/1997,3/2/1997,12/1/1996,3/2/1997,1/26/1997,2/1/1997,4,-26,-104,-309,-1351
400,Z9,1/28/1997,1996,6,199602,199602,1996006,1996006,199622,199622,4974,4896,4691,3649,9/1/1996,8/31/1997,1/27/1997,3/2/1997,12/1/1996,3/2/1997,1/26/1997,2/1/1997,4,-26,-104,-309,-1351
400,Z9,1/29/1997,1996,6,199602,199602,1996006,1996006,199622,199622,4974,4896,4691,3649,9/1/1996,8/31/1997,1/27/1997,3/2/1997,12/1/1996,3/2/1997,1/26/1997,2/1/1997,4,-26,-104,-309,-1351
400,Z9,1/30/1997,1996,6,199602,199602,1996006,1996006,199622,199622,4974,4896,4691,3649,9/1/1996,8/31/1997,1/27/1997,3/2/1997,12/1/1996,3/2/1997,1/26/1997,2/1/1997,4,-26,-104,-309,-1351
400,Z9,1/31/1997,1996,6,199602,199602,1996006,1996006,199622,199622,4974,4896,4691,3649,9/1/1996,8/31/1997,1/27/1997,3/2/1997,12/1/1996,3/2/1997,1/26/1997,2/1/1997,4,-26,-104,-309,-1351
400,Z9,2/1/1997,1996,6,199602,199602,1996006,1996006,199622,199622,4974,4896,4691,3649,9/1/1996,8/31/1997,1/27/1997,3/2/1997,12/1/1996,3/2/1997,1/26/1997,2/1/1997,4,-26,-104,-309,-1351
400,Z9,2/2/1997,1996,6,199602,199602,1996006,1996006,199623,199623,4974,4896,4691,3650,9/1/1996,8/31/1997,1/27/1997,3/2/1997,12/1/1996,3/2/1997,2/2/1997,2/8/1997,4,-26,-104,-309,-1350
400,Z9,2/3/1997,1996,6,199602,199602,1996006,1996006,199623,199623,4974,4896,4691,3650,9/1/1996,8/31/1997,1/27/1997,3/2/1997,12/1/1996,3/2/1997,2/2/1997,2/8/1997,4,-26,-104,-309,-1350
400,Z9,2/4/1997,1996,6,199602,199602,1996006,1996006,199623,199623,4974,4896,4691,3650,9/1/1996,8/31/1997,1/27/1997,3/2/1997,12/1/1996,3/2/1997,2/2/1997,2/8/1997,4,-26,-104,-309,-1350
400,Z9,2/5/1997,1996,6,199602,199602,1996006,1996006,199623,199623,4974,4896,4691,3650,9/1/1996,8/31/1997,1/27/1997,3/2/1997,12/1/1996,3/2/1997,2/2/1997,2/8/1997,4,-26,-104,-309,-1350
400,Z9,2/6/1997,1996,6,199602,199602,1996006,1996006,199623,199623,4974,4896,4691,3650,9/1/1996,8/31/1997,1/27/1997,3/2/1997,12/1/1996,3/2/1997,2/2/1997,2/8/1997,4,-26,-104,-309,-1350
400,Z9,2/7/1997,1996,6,199602,199602,1996006,1996006,199623,199623,4974,4896,4691,3650,9/1/1996,8/31/1997,1/27/1997,3/2/1997,12/1/1996,3/2/1997,2/2/1997,2/8/1997,4,-26,-104,-309,-1350
400,Z9,2/8/1997,1996,6,199602,199602,1996006,1996006,199623,199623,4974,4896,4691,3650,9/1/1996,8/31/1997,1/27/1997,3/2/1997,12/1/1996,3/2/1997,2/2/1997,2/8/1997,4,-26,-104,-309,-1350
400,Z9,2/9/1997,1996,6,199602,199602,1996006,1996006,199624,199624,4974,4896,4691,3651,9/1/1996,8/31/1997,1/27/1997,3/2/1997,12/1/1996,3/2/1997,2/9/1997,2/15/1997,4,-26,-104,-309,-1349
400,Z9,2/10/1997,1996,6,199602,199602,1996006,1996006,199624,199624,4974,4896,4691,3651,9/1/1996,8/31/1997,1/27/1997,3/2/1997,12/1/1996,3/2/1997,2/9/1997,2/15/1997,4,-26,-104,-309,-1349
400,Z9,2/11/1997,1996,6,199602,199602,1996006,1996006,199624,199624,4974,4896,4691,3651,9/1/1996,8/31/1997,1/27/1997,3/2/1997,12/1/1996,3/2/1997,2/9/1997,2/15/1997,4,-26,-104,-309,-1349
400,Z9,2/12/1997,1996,6,199602,199602,1996006,1996006,199624,199624,4974,4896,4691,3651,9/1/1996,8/31/1997,1/27/1997,3/2/1997,12/1/1996,3/2/1997,2/9/1997,2/15/1997,4,-26,-104,-309,-1349
400,Z9,2/13/1997,1996,6,199602,199602,1996006,1996006,199624,199624,4974,4896,4691,3651,9/1/1996,8/31/1997,1/27/1997,3/2/1997,12/1/1996,3/2/1997,2/9/1997,2/15/1997,4,-26,-104,-309,-1349
400,Z9,2/14/1997,1996,6,199602,199602,1996006,1996006,199624,199624,4974,4896,4691,3651,9/1/1996,8/31/1997,1/27/1997,3/2/1997,12/1/1996,3/2/1997,2/9/1997,2/15/1997,4,-26,-104,-309,-1349
400,Z9,2/15/1997,1996,6,199602,199602,1996006,1996006,199624,199624,4974,4896,4691,3651,9/1/1996,8/31/1997,1/27/1997,3/2/1997,12/1/1996,3/2/1997,2/9/1997,2/15/1997,4,-26,-104,-309,-1349
400,Z9,2/16/1997,1996,6,199602,199602,1996006,1996006,199625,199625,4974,4896,4691,3652,9/1/1996,8/31/1997,1/27/1997,3/2/1997,12/1/1996,3/2/1997,2/16/1997,2/22/1997,4,-26,-104,-309,-1348
400,Z9,2/17/1997,1996,6,199602,199602,1996006,1996006,199625,199625,4974,4896,4691,3652,9/1/1996,8/31/1997,1/27/1997,3/2/1997,12/1/1996,3/2/1997,2/16/1997,2/22/1997,4,-26,-104,-309,-1348
400,Z9,2/18/1997,1996,6,199602,199602,1996006,1996006,199625,199625,4974,4896,4691,3652,9/1/1996,8/31/1997,1/27/1997,3/2/1997,12/1/1996,3/2/1997,2/16/1997,2/22/1997,4,-26,-104,-309,-1348
400,Z9,2/19/1997,1996,6,199602,199602,1996006,1996006,199625,199625,4974,4896,4691,3652,9/1/1996,8/31/1997,1/27/1997,3/2/1997,12/1/1996,3/2/1997,2/16/1997,2/22/1997,4,-26,-104,-309,-1348
400,Z9,2/20/1997,1996,6,199602,199602,1996006,1996006,199625,199625,4974,4896,4691,3652,9/1/1996,8/31/1997,1/27/1997,3/2/1997,12/1/1996,3/2/1997,2/16/1997,2/22/1997,4,-26,-104,-309,-1348
400,Z9,2/21/1997,1996,6,199602,199602,1996006,1996006,199625,199625,4974,4896,4691,3652,9/1/1996,8/31/1997,1/27/1997,3/2/1997,12/1/1996,3/2/1997,2/16/1997,2/22/1997,4,-26,-104,-309,-1348
400,Z9,2/22/1997,1996,6,199602,199602,1996006,1996006,199625,199625,4974,4896,4691,3652,9/1/1996,8/31/1997,1/27/1997,3/2/1997,12/1/1996,3/2/1997,2/16/1997,2/22/1997,4,-26,-104,-309,-1348
400,Z9,2/23/1997,1996,6,199602,199602,1996006,1996006,199626,199626,4974,4896,4691,3653,9/1/1996,8/31/1997,1/27/1997,3/2/1997,12/1/1996,3/2/1997,2/23/1997,3/1/1997,4,-26,-104,-309,-1347
400,Z9,2/24/1997,1996,6,199602,199602,1996006,1996006,199626,199626,4974,4896,4691,3653,9/1/1996,8/31/1997,1/27/1997,3/2/1997,12/1/1996,3/2/1997,2/23/1997,3/1/1997,4,-26,-104,-309,-1347
400,Z9,2/25/1997,1996,6,199602,199602,1996006,1996006,199626,199626,4974,4896,4691,3653,9/1/1996,8/31/1997,1/27/1997,3/2/1997,12/1/1996,3/2/1997,2/23/1997,3/1/1997,4,-26,-104,-309,-1347
400,Z9,2/26/1997,1996,6,199602,199602,1996006,1996006,199626,199626,4974,4896,4691,3653,9/1/1996,8/31/1997,1/27/1997,3/2/1997,12/1/1996,3/2/1997,2/23/1997,3/1/1997,4,-26,-104,-309,-1347
400,Z9,2/27/1997,1996,6,199602,199602,1996006,1996006,199626,199626,4974,4896,4691,3653,9/1/1996,8/31/1997,1/27/1997,3/2/1997,12/1/1996,3/2/1997,2/23/1997,3/1/1997,4,-26,-104,-309,-1347
400,Z9,2/28/1997,1996,6,199602,199602,1996006,1996006,199626,199626,4974,4896,4691,3653,9/1/1996,8/31/1997,1/27/1997,3/2/1997,12/1/1996,3/2/1997,2/23/1997,3/1/1997,4,-26,-104,-309,-1347
400,Z9,3/1/1997,1996,6,199602,199602,1996006,1996006,199626,199626,4974,4896,4691,3653,9/1/1996,8/31/1997,1/27/1997,3/2/1997,12/1/1996,3/2/1997,2/23/1997,3/1/1997,4,-26,-104,-309,-1347
400,Z9,3/2/1997,1996,6,199602,199602,1996006,1996006,199627,199627,4974,4896,4691,3654,9/1/1996,8/31/1997,1/27/1997,3/2/1997,12/1/1996,3/2/1997,3/2/1997,3/8/1997,4,-26,-104,-309,-1346
400,Z9,5/3/1997,1996,9,199603,199603,1996009,1996009,199635,199635,4974,4897,4694,3662,9/1/1996,8/31/1997,4/28/1997,6/1/1997,3/3/1997,6/1/1997,4/27/1997,5/3/1997,4,-26,-103,-306,-1338
400,Z9,5/4/1997,1996,9,199603,199603,1996009,1996009,199636,199636,4974,4897,4694,3663,9/1/1996,8/31/1997,4/28/1997,6/1/1997,3/3/1997,6/1/1997,5/4/1997,5/10/1997,4,-26,-103,-306,-1337
400,Z9,5/5/1997,1996,9,199603,199603,1996009,1996009,199636,199636,4974,4897,4694,3663,9/1/1996,8/31/1997,4/28/1997,6/1/1997,3/3/1997,6/1/1997,5/4/1997,5/10/1997,4,-26,-103,-306,-1337
400,Z9,5/6/1997,1996,9,199603,199603,1996009,1996009,199636,199636,4974,4897,4694,3663,9/1/1996,8/31/1997,4/28/1997,6/1/1997,3/3/1997,6/1/1997,5/4/1997,5/10/1997,4,-26,-103,-306,-1337
400,Z9,5/7/1997,1996,9,199603,199603,1996009,1996009,199636,199636,4974,4897,4694,3663,9/1/1996,8/31/1997,4/28/1997,6/1/1997,3/3/1997,6/1/1997,5/4/1997,5/10/1997,4,-26,-103,-306,-1337
400,Z9,5/8/1997,1996,9,199603,199603,1996009,1996009,199636,199636,4974,4897,4694,3663,9/1/1996,8/31/1997,4/28/1997,6/1/1997,3/3/1997,6/1/1997,5/4/1997,5/10/1997,4,-26,-103,-306,-1337
400,Z9,5/9/1997,1996,9,199603,199603,1996009,1996009,199636,199636,4974,4897,4694,3663,9/1/1996,8/31/1997,4/28/1997,6/1/1997,3/3/1997,6/1/1997,5/4/1997,5/10/1997,4,-26,-103,-306,-1337
400,Z9,5/10/1997,1996,9,199603,199603,1996009,1996009,199636,199636,4974,4897,4694,3663,9/1/1996,8/31/1997,4/28/1997,6/1/1997,3/3/1997,6/1/1997,5/4/1997,5/10/1997,4,-26,-103,-306,-1337
400,Z9,5/11/1997,1996,9,199603,199603,1996009,1996009,199637,199637,4974,4897,4694,3664,9/1/1996,8/31/1997,4/28/1997,6/1/1997,3/3/1997,6/1/1997,5/11/1997,5/17/1997,4,-26,-103,-306,-1336
400,Z9,5/12/1997,1996,9,199603,199603,1996009,1996009,199637,199637,4974,4897,4694,3664,9/1/1996,8/31/1997,4/28/1997,6/1/1997,3/3/1997,6/1/1997,5/11/1997,5/17/1997,4,-26,-103,-306,-1336
400,Z9,5/13/1997,1996,9,199603,199603,1996009,1996009,199637,199637,4974,4897,4694,3664,9/1/1996,8/31/1997,4/28/1997,6/1/1997,3/3/1997,6/1/1997,5/11/1997,5/17/1997,4,-26,-103,-306,-1336
400,Z9,5/14/1997,1996,9,199603,199603,1996009,1996009,199637,199637,4974,4897,4694,3664,9/1/1996,8/31/1997,4/28/1997,6/1/1997,3/3/1997,6/1/1997,5/11/1997,5/17/1997,4,-26,-103,-306,-1336
400,Z9,5/15/1997,1996,9,199603,199603,1996009,1996009,199637,199637,4974,4897,4694,3664,9/1/1996,8/31/1997,4/28/1997,6/1/1997,3/3/1997,6/1/1997,5/11/1997,5/17/1997,4,-26,-103,-306,-1336
400,Z9,5/16/1997,1996,9,199603,199603,1996009,1996009,199637,199637,4974,4897,4694,3664,9/1/1996,8/31/1997,4/28/1997,6/1/1997,3/3/1997,6/1/1997,5/11/1997,5/17/1997,4,-26,-103,-306,-1336
400,Z9,5/17/1997,1996,9,199603,199603,1996009,1996009,199637,199637,4974,4897,4694,3664,9/1/1996,8/31/1997,4/28/1997,6/1/1997,3/3/1997,6/1/1997,5/11/1997,5/17/1997,4,-26,-103,-306,-1336
400,Z9,5/18/1997,1996,9,199603,199603,1996009,1996009,199638,199638,4974,4897,4694,3665,9/1/1996,8/31/1997,4/28/1997,6/1/1997,3/3/1997,6/1/1997,5/18/1997,5/24/1997,4,-26,-103,-306,-1335
400,Z9,5/19/1997,1996,9,199603,199603,1996009,1996009,199638,199638,4974,4897,4694,3665,9/1/1996,8/31/1997,4/28/1997,6/1/1997,3/3/1997,6/1/1997,5/18/1997,5/24/1997,4,-26,-103,-306,-1335
400,Z9,5/20/1997,1996,9,199603,199603,1996009,1996009,199638,199638,4974,4897,4694,3665,9/1/1996,8/31/1997,4/28/1997,6/1/1997,3/3/1997,6/1/1997,5/18/1997,5/24/1997,4,-26,-103,-306,-1335
400,Z9,5/21/1997,1996,9,199603,199603,1996009,1996009,199638,199638,4974,4897,4694,3665,9/1/1996,8/31/1997,4/28/1997,6/1/1997,3/3/1997,6/1/1997,5/18/1997,5/24/1997,4,-26,-103,-306,-1335
400,Z9,5/22/1997,1996,9,199603,199603,1996009,1996009,199638,199638,4974,4897,4694,3665,9/1/1996,8/31/1997,4/28/1997,6/1/1997,3/3/1997,6/1/1997,5/18/1997,5/24/1997,4,-26,-103,-306,-1335
400,Z9,5/23/1997,1996,9,199603,199603,1996009,1996009,199638,199638,4974,4897,4694,3665,9/1/1996,8/31/1997,4/28/1997,6/1/1997,3/3/1997,6/1/1997,5/18/1997,5/24/1997,4,-26,-103,-306,-1335
400,Z9,5/24/1997,1996,9,199603,199603,1996009,1996009,199638,199638,4974,4897,4694,3665,9/1/1996,8/31/1997,4/28/1997,6/1/1997,3/3/1997,6/1/1997,5/18/1997,5/24/1997,4,-26,-103,-306,-1335
400,Z9,5/25/1997,1996,9,199603,199603,1996009,1996009,199639,199639,4974,4897,4694,3666,9/1/1996,8/31/1997,4/28/1997,6/1/1997,3/3/1997,6/1/1997,5/25/1997,5/31/1997,4,-26,-103,-306,-1334
400,Z9,5/26/1997,1996,9,199603,199603,1996009,1996009,199639,199639,4974,4897,4694,3666,9/1/1996,8/31/1997,4/28/1997,6/1/1997,3/3/1997,6/1/1997,5/25/1997,5/31/1997,4,-26,-103,-306,-1334
400,Z9,5/27/1997,1996,9,199603,199603,1996009,1996009,199639,199639,4974,4897,4694,3666,9/1/1996,8/31/1997,4/28/1997,6/1/1997,3/3/1997,6/1/1997,5/25/1997,5/31/1997,4,-26,-103,-306,-1334
400,Z9,5/28/1997,1996,9,199603,199603,1996009,1996009,199639,199639,4974,4897,4694,3666,9/1/1996,8/31/1997,4/28/1997,6/1/1997,3/3/1997,6/1/1997,5/25/1997,5/31/1997,4,-26,-103,-306,-1334
400,Z9,5/29/1997,1996,9,199603,199603,1996009,1996009,199639,199639,4974,4897,4694,3666,9/1/1996,8/31/1997,4/28/1997,6/1/1997,3/3/1997,6/1/1997,5/25/1997,5/31/1997,4,-26,-103,-306,-1334
400,Z9,5/30/1997,1996,9,199603,199603,1996009,1996009,199639,199639,4974,4897,4694,3666,9/1/1996,8/31/1997,4/28/1997,6/1/1997,3/3/1997,6/1/1997,5/25/1997,5/31/1997,4,-26,-103,-306,-1334
400,Z9,5/31/1997,1996,9,199603,199603,1996009,1996009,199639,199639,4974,4897,4694,3666,9/1/1996,8/31/1997,4/28/1997,6/1/1997,3/3/1997,6/1/1997,5/25/1997,5/31/1997,4,-26,-103,-306,-1334
400,Z9,6/1/1997,1996,9,199603,199603,1996009,1996009,199640,199640,4974,4897,4694,3667,9/1/1996,8/31/1997,4/28/1997,6/1/1997,3/3/1997,6/1/1997,6/1/1997,6/7/1997,4,-26,-103,-306,-1333
400,Z9,3/31/1997,1996,8,199603,199603,1996008,1996008,199631,199631,4974,4897,4693,3658,9/1/1996,8/31/1997,3/31/1997,4/27/1997,3/3/1997,6/1/1997,3/30/1997,4/5/1997,4,-26,-103,-307,-1342
400,Z9,4/1/1997,1996,8,199603,199603,1996008,1996008,199631,199631,4974,4897,4693,3658,9/1/1996,8/31/1997,3/31/1997,4/27/1997,3/3/1997,6/1/1997,3/30/1997,4/5/1997,4,-26,-103,-307,-1342
400,Z9,4/2/1997,1996,8,199603,199603,1996008,1996008,199631,199631,4974,4897,4693,3658,9/1/1996,8/31/1997,3/31/1997,4/27/1997,3/3/1997,6/1/1997,3/30/1997,4/5/1997,4,-26,-103,-307,-1342
400,Z9,4/3/1997,1996,8,199603,199603,1996008,1996008,199631,199631,4974,4897,4693,3658,9/1/1996,8/31/1997,3/31/1997,4/27/1997,3/3/1997,6/1/1997,3/30/1997,4/5/1997,4,-26,-103,-307,-1342
400,Z9,4/4/1997,1996,8,199603,199603,1996008,1996008,199631,199631,4974,4897,4693,3658,9/1/1996,8/31/1997,3/31/1997,4/27/1997,3/3/1997,6/1/1997,3/30/1997,4/5/1997,4,-26,-103,-307,-1342
400,Z9,4/5/1997,1996,8,199603,199603,1996008,1996008,199631,199631,4974,4897,4693,3658,9/1/1996,8/31/1997,3/31/1997,4/27/1997,3/3/1997,6/1/1997,3/30/1997,4/5/1997,4,-26,-103,-307,-1342
400,Z9,4/6/1997,1996,8,199603,199603,1996008,1996008,199632,199632,4974,4897,4693,3659,9/1/1996,8/31/1997,3/31/1997,4/27/1997,3/3/1997,6/1/1997,4/6/1997,4/12/1997,4,-26,-103,-307,-1341
400,Z9,4/7/1997,1996,8,199603,199603,1996008,1996008,199632,199632,4974,4897,4693,3659,9/1/1996,8/31/1997,3/31/1997,4/27/1997,3/3/1997,6/1/1997,4/6/1997,4/12/1997,4,-26,-103,-307,-1341
400,Z9,4/8/1997,1996,8,199603,199603,1996008,1996008,199632,199632,4974,4897,4693,3659,9/1/1996,8/31/1997,3/31/1997,4/27/1997,3/3/1997,6/1/1997,4/6/1997,4/12/1997,4,-26,-103,-307,-1341
400,Z9,4/9/1997,1996,8,199603,199603,1996008,1996008,199632,199632,4974,4897,4693,3659,9/1/1996,8/31/1997,3/31/1997,4/27/1997,3/3/1997,6/1/1997,4/6/1997,4/12/1997,4,-26,-103,-307,-1341
400,Z9,4/10/1997,1996,8,199603,199603,1996008,1996008,199632,199632,4974,4897,4693,3659,9/1/1996,8/31/1997,3/31/1997,4/27/1997,3/3/1997,6/1/1997,4/6/1997,4/12/1997,4,-26,-103,-307,-1341
400,Z9,4/11/1997,1996,8,199603,199603,1996008,1996008,199632,199632,4974,4897,4693,3659,9/1/1996,8/31/1997,3/31/1997,4/27/1997,3/3/1997,6/1/1997,4/6/1997,4/12/1997,4,-26,-103,-307,-1341
400,Z9,4/12/1997,1996,8,199603,199603,1996008,1996008,199632,199632,4974,4897,4693,3659,9/1/1996,8/31/1997,3/31/1997,4/27/1997,3/3/1997,6/1/1997,4/6/1997,4/12/1997,4,-26,-103,-307,-1341
400,Z9,4/13/1997,1996,8,199603,199603,1996008,1996008,199633,199633,4974,4897,4693,3660,9/1/1996,8/31/1997,3/31/1997,4/27/1997,3/3/1997,6/1/1997,4/13/1997,4/19/1997,4,-26,-103,-307,-1340
400,Z9,4/14/1997,1996,8,199603,199603,1996008,1996008,199633,199633,4974,4897,4693,3660,9/1/1996,8/31/1997,3/31/1997,4/27/1997,3/3/1997,6/1/1997,4/13/1997,4/19/1997,4,-26,-103,-307,-1340
400,Z9,4/15/1997,1996,8,199603,199603,1996008,1996008,199633,199633,4974,4897,4693,3660,9/1/1996,8/31/1997,3/31/1997,4/27/1997,3/3/1997,6/1/1997,4/13/1997,4/19/1997,4,-26,-103,-307,-1340
400,Z9,4/16/1997,1996,8,199603,199603,1996008,1996008,199633,199633,4974,4897,4693,3660,9/1/1996,8/31/1997,3/31/1997,4/27/1997,3/3/1997,6/1/1997,4/13/1997,4/19/1997,4,-26,-103,-307,-1340
400,Z9,4/17/1997,1996,8,199603,199603,1996008,1996008,199633,199633,4974,4897,4693,3660,9/1/1996,8/31/1997,3/31/1997,4/27/1997,3/3/1997,6/1/1997,4/13/1997,4/19/1997,4,-26,-103,-307,-1340
400,Z9,4/18/1997,1996,8,199603,199603,1996008,1996008,199633,199633,4974,4897,4693,3660,9/1/1996,8/31/1997,3/31/1997,4/27/1997,3/3/1997,6/1/1997,4/13/1997,4/19/1997,4,-26,-103,-307,-1340
400,Z9,4/19/1997,1996,8,199603,199603,1996008,1996008,199633,199633,4974,4897,4693,3660,9/1/1996,8/31/1997,3/31/1997,4/27/1997,3/3/1997,6/1/1997,4/13/1997,4/19/1997,4,-26,-103,-307,-1340
400,Z9,4/20/1997,1996,8,199603,199603,1996008,1996008,199634,199634,4974,4897,4693,3661,9/1/1996,8/31/1997,3/31/1997,4/27/1997,3/3/1997,6/1/1997,4/20/1997,4/26/1997,4,-26,-103,-307,-1339
400,Z9,4/21/1997,1996,8,199603,199603,1996008,1996008,199634,199634,4974,4897,4693,3661,9/1/1996,8/31/1997,3/31/1997,4/27/1997,3/3/1997,6/1/1997,4/20/1997,4/26/1997,4,-26,-103,-307,-1339
400,Z9,4/22/1997,1996,8,199603,199603,1996008,1996008,199634,199634,4974,4897,4693,3661,9/1/1996,8/31/1997,3/31/1997,4/27/1997,3/3/1997,6/1/1997,4/20/1997,4/26/1997,4,-26,-103,-307,-1339
400,Z9,4/23/1997,1996,8,199603,199603,1996008,1996008,199634,199634,4974,4897,4693,3661,9/1/1996,8/31/1997,3/31/1997,4/27/1997,3/3/1997,6/1/1997,4/20/1997,4/26/1997,4,-26,-103,-307,-1339
400,Z9,4/24/1997,1996,8,199603,199603,1996008,1996008,199634,199634,4974,4897,4693,3661,9/1/1996,8/31/1997,3/31/1997,4/27/1997,3/3/1997,6/1/1997,4/20/1997,4/26/1997,4,-26,-103,-307,-1339
400,Z9,4/25/1997,1996,8,199603,199603,1996008,1996008,199634,199634,4974,4897,4693,3661,9/1/1996,8/31/1997,3/31/1997,4/27/1997,3/3/1997,6/1/1997,4/20/1997,4/26/1997,4,-26,-103,-307,-1339
400,Z9,4/26/1997,1996,8,199603,199603,1996008,1996008,199634,199634,4974,4897,4693,3661,9/1/1996,8/31/1997,3/31/1997,4/27/1997,3/3/1997,6/1/1997,4/20/1997,4/26/1997,4,-26,-103,-307,-1339
400,Z9,4/27/1997,1996,8,199603,199603,1996008,1996008,199635,199635,4974,4897,4693,3662,9/1/1996,8/31/1997,3/31/1997,4/27/1997,3/3/1997,6/1/1997,4/27/1997,5/3/1997,4,-26,-103,-307,-1338
400,Z9,4/28/1997,1996,9,199603,199603,1996009,1996009,199635,199635,4974,4897,4694,3662,9/1/1996,8/31/1997,4/28/1997,6/1/1997,3/3/1997,6/1/1997,4/27/1997,5/3/1997,4,-26,-103,-306,-1338
400,Z9,4/29/1997,1996,9,199603,199603,1996009,1996009,199635,199635,4974,4897,4694,3662,9/1/1996,8/31/1997,4/28/1997,6/1/1997,3/3/1997,6/1/1997,4/27/1997,5/3/1997,4,-26,-103,-306,-1338
400,Z9,4/30/1997,1996,9,199603,199603,1996009,1996009,199635,199635,4974,4897,4694,3662,9/1/1996,8/31/1997,4/28/1997,6/1/1997,3/3/1997,6/1/1997,4/27/1997,5/3/1997,4,-26,-103,-306,-1338
400,Z9,5/1/1997,1996,9,199603,199603,1996009,1996009,199635,199635,4974,4897,4694,3662,9/1/1996,8/31/1997,4/28/1997,6/1/1997,3/3/1997,6/1/1997,4/27/1997,5/3/1997,4,-26,-103,-306,-1338
400,Z9,5/2/1997,1996,9,199603,199603,1996009,1996009,199635,199635,4974,4897,4694,3662,9/1/1996,8/31/1997,4/28/1997,6/1/1997,3/3/1997,6/1/1997,4/27/1997,5/3/1997,4,-26,-103,-306,-1338
400,Z9,7/18/1997,1996,11,199604,199604,1996011,1996011,199646,199646,4974,4898,4696,3673,9/1/1996,8/31/1997,6/30/1997,7/27/1997,6/2/1997,8/31/1997,7/13/1997,7/19/1997,4,-26,-102,-304,-1327
400,Z9,7/19/1997,1996,11,199604,199604,1996011,1996011,199646,199646,4974,4898,4696,3673,9/1/1996,8/31/1997,6/30/1997,7/27/1997,6/2/1997,8/31/1997,7/13/1997,7/19/1997,4,-26,-102,-304,-1327
400,Z9,7/20/1997,1996,11,199604,199604,1996011,1996011,199647,199647,4974,4898,4696,3674,9/1/1996,8/31/1997,6/30/1997,7/27/1997,6/2/1997,8/31/1997,7/20/1997,7/26/1997,4,-26,-102,-304,-1326
400,Z9,7/21/1997,1996,11,199604,199604,1996011,1996011,199647,199647,4974,4898,4696,3674,9/1/1996,8/31/1997,6/30/1997,7/27/1997,6/2/1997,8/31/1997,7/20/1997,7/26/1997,4,-26,-102,-304,-1326
400,Z9,7/22/1997,1996,11,199604,199604,1996011,1996011,199647,199647,4974,4898,4696,3674,9/1/1996,8/31/1997,6/30/1997,7/27/1997,6/2/1997,8/31/1997,7/20/1997,7/26/1997,4,-26,-102,-304,-1326
400,Z9,7/23/1997,1996,11,199604,199604,1996011,1996011,199647,199647,4974,4898,4696,3674,9/1/1996,8/31/1997,6/30/1997,7/27/1997,6/2/1997,8/31/1997,7/20/1997,7/26/1997,4,-26,-102,-304,-1326
400,Z9,7/24/1997,1996,11,199604,199604,1996011,1996011,199647,199647,4974,4898,4696,3674,9/1/1996,8/31/1997,6/30/1997,7/27/1997,6/2/1997,8/31/1997,7/20/1997,7/26/1997,4,-26,-102,-304,-1326
400,Z9,7/25/1997,1996,11,199604,199604,1996011,1996011,199647,199647,4974,4898,4696,3674,9/1/1996,8/31/1997,6/30/1997,7/27/1997,6/2/1997,8/31/1997,7/20/1997,7/26/1997,4,-26,-102,-304,-1326
400,Z9,7/26/1997,1996,11,199604,199604,1996011,1996011,199647,199647,4974,4898,4696,3674,9/1/1996,8/31/1997,6/30/1997,7/27/1997,6/2/1997,8/31/1997,7/20/1997,7/26/1997,4,-26,-102,-304,-1326
400,Z9,7/27/1997,1996,11,199604,199604,1996011,1996011,199648,199648,4974,4898,4696,3675,9/1/1996,8/31/1997,6/30/1997,7/27/1997,6/2/1997,8/31/1997,7/27/1997,8/2/1997,4,-26,-102,-304,-1325
400,Z9,7/28/1997,1996,12,199604,199604,1996012,1996012,199648,199648,4974,4898,4697,3675,9/1/1996,8/31/1997,7/28/1997,8/31/1997,6/2/1997,8/31/1997,7/27/1997,8/2/1997,4,-26,-102,-303,-1325
400,Z9,7/29/1997,1996,12,199604,199604,1996012,1996012,199648,199648,4974,4898,4697,3675,9/1/1996,8/31/1997,7/28/1997,8/31/1997,6/2/1997,8/31/1997,7/27/1997,8/2/1997,4,-26,-102,-303,-1325
400,Z9,7/30/1997,1996,12,199604,199604,1996012,1996012,199648,199648,4974,4898,4697,3675,9/1/1996,8/31/1997,7/28/1997,8/31/1997,6/2/1997,8/31/1997,7/27/1997,8/2/1997,4,-26,-102,-303,-1325
400,Z9,7/31/1997,1996,12,199604,199604,1996012,1996012,199648,199648,4974,4898,4697,3675,9/1/1996,8/31/1997,7/28/1997,8/31/1997,6/2/1997,8/31/1997,7/27/1997,8/2/1997,4,-26,-102,-303,-1325
400,Z9,8/1/1997,1996,12,199604,199604,1996012,1996012,199648,199648,4974,4898,4697,3675,9/1/1996,8/31/1997,7/28/1997,8/31/1997,6/2/1997,8/31/1997,7/27/1997,8/2/1997,4,-26,-102,-303,-1325
400,Z9,8/2/1997,1996,12,199604,199604,1996012,1996012,199648,199648,4974,4898,4697,3675,9/1/1996,8/31/1997,7/28/1997,8/31/1997,6/2/1997,8/31/1997,7/27/1997,8/2/1997,4,-26,-102,-303,-1325
400,Z9,8/3/1997,1996,12,199604,199604,1996012,1996012,199649,199649,4974,4898,4697,3676,9/1/1996,8/31/1997,7/28/1997,8/31/1997,6/2/1997,8/31/1997,8/3/1997,8/9/1997,4,-26,-102,-303,-1324
400,Z9,8/4/1997,1996,12,199604,199604,1996012,1996012,199649,199649,4974,4898,4697,3676,9/1/1996,8/31/1997,7/28/1997,8/31/1997,6/2/1997,8/31/1997,8/3/1997,8/9/1997,4,-26,-102,-303,-1324
400,Z9,8/5/1997,1996,12,199604,199604,1996012,1996012,199649,199649,4974,4898,4697,3676,9/1/1996,8/31/1997,7/28/1997,8/31/1997,6/2/1997,8/31/1997,8/3/1997,8/9/1997,4,-26,-102,-303,-1324
400,Z9,8/6/1997,1996,12,199604,199604,1996012,1996012,199649,199649,4974,4898,4697,3676,9/1/1996,8/31/1997,7/28/1997,8/31/1997,6/2/1997,8/31/1997,8/3/1997,8/9/1997,4,-26,-102,-303,-1324
400,Z9,8/7/1997,1996,12,199604,199604,1996012,1996012,199649,199649,4974,4898,4697,3676,9/1/1996,8/31/1997,7/28/1997,8/31/1997,6/2/1997,8/31/1997,8/3/1997,8/9/1997,4,-26,-102,-303,-1324
400,Z9,8/8/1997,1996,12,199604,199604,1996012,1996012,199649,199649,4974,4898,4697,3676,9/1/1996,8/31/1997,7/28/1997,8/31/1997,6/2/1997,8/31/1997,8/3/1997,8/9/1997,4,-26,-102,-303,-1324
400,Z9,8/9/1997,1996,12,199604,199604,1996012,1996012,199649,199649,4974,4898,4697,3676,9/1/1996,8/31/1997,7/28/1997,8/31/1997,6/2/1997,8/31/1997,8/3/1997,8/9/1997,4,-26,-102,-303,-1324
400,Z9,8/10/1997,1996,12,199604,199604,1996012,1996012,199650,199650,4974,4898,4697,3677,9/1/1996,8/31/1997,7/28/1997,8/31/1997,6/2/1997,8/31/1997,8/10/1997,8/16/1997,4,-26,-102,-303,-1323
400,Z9,8/11/1997,1996,12,199604,199604,1996012,1996012,199650,199650,4974,4898,4697,3677,9/1/1996,8/31/1997,7/28/1997,8/31/1997,6/2/1997,8/31/1997,8/10/1997,8/16/1997,4,-26,-102,-303,-1323
400,Z9,8/12/1997,1996,12,199604,199604,1996012,1996012,199650,199650,4974,4898,4697,3677,9/1/1996,8/31/1997,7/28/1997,8/31/1997,6/2/1997,8/31/1997,8/10/1997,8/16/1997,4,-26,-102,-303,-1323
400,Z9,8/13/1997,1996,12,199604,199604,1996012,1996012,199650,199650,4974,4898,4697,3677,9/1/1996,8/31/1997,7/28/1997,8/31/1997,6/2/1997,8/31/1997,8/10/1997,8/16/1997,4,-26,-102,-303,-1323
400,Z9,8/14/1997,1996,12,199604,199604,1996012,1996012,199650,199650,4974,4898,4697,3677,9/1/1996,8/31/1997,7/28/1997,8/31/1997,6/2/1997,8/31/1997,8/10/1997,8/16/1997,4,-26,-102,-303,-1323
400,Z9,8/15/1997,1996,12,199604,199604,1996012,1996012,199650,199650,4974,4898,4697,3677,9/1/1996,8/31/1997,7/28/1997,8/31/1997,6/2/1997,8/31/1997,8/10/1997,8/16/1997,4,-26,-102,-303,-1323
400,Z9,8/16/1997,1996,12,199604,199604,1996012,1996012,199650,199650,4974,4898,4697,3677,9/1/1996,8/31/1997,7/28/1997,8/31/1997,6/2/1997,8/31/1997,8/10/1997,8/16/1997,4,-26,-102,-303,-1323
400,Z9,8/17/1997,1996,12,199604,199604,1996012,1996012,199651,199651,4974,4898,4697,3678,9/1/1996,8/31/1997,7/28/1997,8/31/1997,6/2/1997,8/31/1997,8/17/1997,8/23/1997,4,-26,-102,-303,-1322
400,Z9,8/18/1997,1996,12,199604,199604,1996012,1996012,199651,199651,4974,4898,4697,3678,9/1/1996,8/31/1997,7/28/1997,8/31/1997,6/2/1997,8/31/1997,8/17/1997,8/23/1997,4,-26,-102,-303,-1322
400,Z9,8/19/1997,1996,12,199604,199604,1996012,1996012,199651,199651,4974,4898,4697,3678,9/1/1996,8/31/1997,7/28/1997,8/31/1997,6/2/1997,8/31/1997,8/17/1997,8/23/1997,4,-26,-102,-303,-1322
400,Z9,8/20/1997,1996,12,199604,199604,1996012,1996012,199651,199651,4974,4898,4697,3678,9/1/1996,8/31/1997,7/28/1997,8/31/1997,6/2/1997,8/31/1997,8/17/1997,8/23/1997,4,-26,-102,-303,-1322
400,Z9,8/21/1997,1996,12,199604,199604,1996012,1996012,199651,199651,4974,4898,4697,3678,9/1/1996,8/31/1997,7/28/1997,8/31/1997,6/2/1997,8/31/1997,8/17/1997,8/23/1997,4,-26,-102,-303,-1322
400,Z9,8/22/1997,1996,12,199604,199604,1996012,1996012,199651,199651,4974,4898,4697,3678,9/1/1996,8/31/1997,7/28/1997,8/31/1997,6/2/1997,8/31/1997,8/17/1997,8/23/1997,4,-26,-102,-303,-1322
400,Z9,8/23/1997,1996,12,199604,199604,1996012,1996012,199651,199651,4974,4898,4697,3678,9/1/1996,8/31/1997,7/28/1997,8/31/1997,6/2/1997,8/31/1997,8/17/1997,8/23/1997,4,-26,-102,-303,-1322
400,Z9,8/24/1997,1996,12,199604,199604,1996012,1996012,199652,199652,4974,4898,4697,3679,9/1/1996,8/31/1997,7/28/1997,8/31/1997,6/2/1997,8/31/1997,8/24/1997,8/31/1997,4,-26,-102,-303,-1321
400,Z9,8/25/1997,1996,12,199604,199604,1996012,1996012,199652,199652,4974,4898,4697,3679,9/1/1996,8/31/1997,7/28/1997,8/31/1997,6/2/1997,8/31/1997,8/24/1997,8/31/1997,4,-26,-102,-303,-1321
400,Z9,8/26/1997,1996,12,199604,199604,1996012,1996012,199652,199652,4974,4898,4697,3679,9/1/1996,8/31/1997,7/28/1997,8/31/1997,6/2/1997,8/31/1997,8/24/1997,8/31/1997,4,-26,-102,-303,-1321
400,Z9,8/27/1997,1996,12,199604,199604,1996012,1996012,199652,199652,4974,4898,4697,3679,9/1/1996,8/31/1997,7/28/1997,8/31/1997,6/2/1997,8/31/1997,8/24/1997,8/31/1997,4,-26,-102,-303,-1321
400,Z9,8/28/1997,1996,12,199604,199604,1996012,1996012,199652,199652,4974,4898,4697,3679,9/1/1996,8/31/1997,7/28/1997,8/31/1997,6/2/1997,8/31/1997,8/24/1997,8/31/1997,4,-26,-102,-303,-1321
400,Z9,8/29/1997,1996,12,199604,199604,1996012,1996012,199652,199652,4974,4898,4697,3679,9/1/1996,8/31/1997,7/28/1997,8/31/1997,6/2/1997,8/31/1997,8/24/1997,8/31/1997,4,-26,-102,-303,-1321
400,Z9,8/30/1997,1996,12,199604,199604,1996012,1996012,199652,199652,4974,4898,4697,3679,9/1/1996,8/31/1997,7/28/1997,8/31/1997,6/2/1997,8/31/1997,8/24/1997,8/31/1997,4,-26,-102,-303,-1321
400,Z9,8/31/1997,1996,12,199604,199604,1996012,1996012,199653,199653,4974,4898,4697,3680,9/1/1996,8/31/1997,7/28/1997,8/31/1997,6/2/1997,8/31/1997,8/31/1997,8/31/1997,4,-26,-102,-303,-1320
400,Z9,6/30/1997,1996,11,199604,199604,1996011,1996011,199644,199644,4974,4898,4696,3671,9/1/1996,8/31/1997,6/30/1997,7/27/1997,6/2/1997,8/31/1997,6/29/1997,7/5/1997,4,-26,-102,-304,-1329
400,Z9,7/1/1997,1996,11,199604,199604,1996011,1996011,199644,199644,4974,4898,4696,3671,9/1/1996,8/31/1997,6/30/1997,7/27/1997,6/2/1997,8/31/1997,6/29/1997,7/5/1997,4,-26,-102,-304,-1329
400,Z9,7/2/1997,1996,11,199604,199604,1996011,1996011,199644,199644,4974,4898,4696,3671,9/1/1996,8/31/1997,6/30/1997,7/27/1997,6/2/1997,8/31/1997,6/29/1997,7/5/1997,4,-26,-102,-304,-1329
400,Z9,7/3/1997,1996,11,199604,199604,1996011,1996011,199644,199644,4974,4898,4696,3671,9/1/1996,8/31/1997,6/30/1997,7/27/1997,6/2/1997,8/31/1997,6/29/1997,7/5/1997,4,-26,-102,-304,-1329
400,Z9,7/4/1997,1996,11,199604,199604,1996011,1996011,199644,199644,4974,4898,4696,3671,9/1/1996,8/31/1997,6/30/1997,7/27/1997,6/2/1997,8/31/1997,6/29/1997,7/5/1997,4,-26,-102,-304,-1329
400,Z9,7/5/1997,1996,11,199604,199604,1996011,1996011,199644,199644,4974,4898,4696,3671,9/1/1996,8/31/1997,6/30/1997,7/27/1997,6/2/1997,8/31/1997,6/29/1997,7/5/1997,4,-26,-102,-304,-1329
400,Z9,7/6/1997,1996,11,199604,199604,1996011,1996011,199645,199645,4974,4898,4696,3672,9/1/1996,8/31/1997,6/30/1997,7/27/1997,6/2/1997,8/31/1997,7/6/1997,7/12/1997,4,-26,-102,-304,-1328
400,Z9,7/7/1997,1996,11,199604,199604,1996011,1996011,199645,199645,4974,4898,4696,3672,9/1/1996,8/31/1997,6/30/1997,7/27/1997,6/2/1997,8/31/1997,7/6/1997,7/12/1997,4,-26,-102,-304,-1328
400,Z9,7/8/1997,1996,11,199604,199604,1996011,1996011,199645,199645,4974,4898,4696,3672,9/1/1996,8/31/1997,6/30/1997,7/27/1997,6/2/1997,8/31/1997,7/6/1997,7/12/1997,4,-26,-102,-304,-1328
400,Z9,7/9/1997,1996,11,199604,199604,1996011,1996011,199645,199645,4974,4898,4696,3672,9/1/1996,8/31/1997,6/30/1997,7/27/1997,6/2/1997,8/31/1997,7/6/1997,7/12/1997,4,-26,-102,-304,-1328
400,Z9,7/10/1997,1996,11,199604,199604,1996011,1996011,199645,199645,4974,4898,4696,3672,9/1/1996,8/31/1997,6/30/1997,7/27/1997,6/2/1997,8/31/1997,7/6/1997,7/12/1997,4,-26,-102,-304,-1328
400,Z9,7/11/1997,1996,11,199604,199604,1996011,1996011,199645,199645,4974,4898,4696,3672,9/1/1996,8/31/1997,6/30/1997,7/27/1997,6/2/1997,8/31/1997,7/6/1997,7/12/1997,4,-26,-102,-304,-1328
400,Z9,7/12/1997,1996,11,199604,199604,1996011,1996011,199645,199645,4974,4898,4696,3672,9/1/1996,8/31/1997,6/30/1997,7/27/1997,6/2/1997,8/31/1997,7/6/1997,7/12/1997,4,-26,-102,-304,-1328
400,Z9,7/13/1997,1996,11,199604,199604,1996011,1996011,199646,199646,4974,4898,4696,3673,9/1/1996,8/31/1997,6/30/1997,7/27/1997,6/2/1997,8/31/1997,7/13/1997,7/19/1997,4,-26,-102,-304,-1327
400,Z9,7/14/1997,1996,11,199604,199604,1996011,1996011,199646,199646,4974,4898,4696,3673,9/1/1996,8/31/1997,6/30/1997,7/27/1997,6/2/1997,8/31/1997,7/13/1997,7/19/1997,4,-26,-102,-304,-1327
400,Z9,7/15/1997,1996,11,199604,199604,1996011,1996011,199646,199646,4974,4898,4696,3673,9/1/1996,8/31/1997,6/30/1997,7/27/1997,6/2/1997,8/31/1997,7/13/1997,7/19/1997,4,-26,-102,-304,-1327
400,Z9,7/16/1997,1996,11,199604,199604,1996011,1996011,199646,199646,4974,4898,4696,3673,9/1/1996,8/31/1997,6/30/1997,7/27/1997,6/2/1997,8/31/1997,7/13/1997,7/19/1997,4,-26,-102,-304,-1327
400,Z9,7/17/1997,1996,11,199604,199604,1996011,1996011,199646,199646,4974,4898,4696,3673,9/1/1996,8/31/1997,6/30/1997,7/27/1997,6/2/1997,8/31/1997,7/13/1997,7/19/1997,4,-26,-102,-304,-1327
400,Z9,11/30/1997,1997,3,199701,199701,1997003,1997003,199714,199714,4975,4899,4700,3694,9/1/1997,8/29/1998,10/27/1997,11/30/1997,9/1/1997,11/30/1997,11/30/1997,12/6/1997,4,-25,-101,-300,-1306
400,Z9,10/27/1997,1997,3,199701,199701,1997003,1997003,199709,199709,4975,4899,4700,3689,9/1/1997,8/29/1998,10/27/1997,11/30/1997,9/1/1997,11/30/1997,10/26/1997,11/1/1997,4,-25,-101,-300,-1311
400,Z9,10/28/1997,1997,3,199701,199701,1997003,1997003,199709,199709,4975,4899,4700,3689,9/1/1997,8/29/1998,10/27/1997,11/30/1997,9/1/1997,11/30/1997,10/26/1997,11/1/1997,4,-25,-101,-300,-1311
400,Z9,10/29/1997,1997,3,199701,199701,1997003,1997003,199709,199709,4975,4899,4700,3689,9/1/1997,8/29/1998,10/27/1997,11/30/1997,9/1/1997,11/30/1997,10/26/1997,11/1/1997,4,-25,-101,-300,-1311
400,Z9,10/30/1997,1997,3,199701,199701,1997003,1997003,199709,199709,4975,4899,4700,3689,9/1/1997,8/29/1998,10/27/1997,11/30/1997,9/1/1997,11/30/1997,10/26/1997,11/1/1997,4,-25,-101,-300,-1311
400,Z9,10/31/1997,1997,3,199701,199701,1997003,1997003,199709,199709,4975,4899,4700,3689,9/1/1997,8/29/1998,10/27/1997,11/30/1997,9/1/1997,11/30/1997,10/26/1997,11/1/1997,4,-25,-101,-300,-1311
400,Z9,11/1/1997,1997,3,199701,199701,1997003,1997003,199709,199709,4975,4899,4700,3689,9/1/1997,8/29/1998,10/27/1997,11/30/1997,9/1/1997,11/30/1997,10/26/1997,11/1/1997,4,-25,-101,-300,-1311
400,Z9,11/2/1997,1997,3,199701,199701,1997003,1997003,199710,199710,4975,4899,4700,3690,9/1/1997,8/29/1998,10/27/1997,11/30/1997,9/1/1997,11/30/1997,11/2/1997,11/8/1997,4,-25,-101,-300,-1310
400,Z9,11/3/1997,1997,3,199701,199701,1997003,1997003,199710,199710,4975,4899,4700,3690,9/1/1997,8/29/1998,10/27/1997,11/30/1997,9/1/1997,11/30/1997,11/2/1997,11/8/1997,4,-25,-101,-300,-1310
400,Z9,11/4/1997,1997,3,199701,199701,1997003,1997003,199710,199710,4975,4899,4700,3690,9/1/1997,8/29/1998,10/27/1997,11/30/1997,9/1/1997,11/30/1997,11/2/1997,11/8/1997,4,-25,-101,-300,-1310
400,Z9,11/5/1997,1997,3,199701,199701,1997003,1997003,199710,199710,4975,4899,4700,3690,9/1/1997,8/29/1998,10/27/1997,11/30/1997,9/1/1997,11/30/1997,11/2/1997,11/8/1997,4,-25,-101,-300,-1310
400,Z9,11/6/1997,1997,3,199701,199701,1997003,1997003,199710,199710,4975,4899,4700,3690,9/1/1997,8/29/1998,10/27/1997,11/30/1997,9/1/1997,11/30/1997,11/2/1997,11/8/1997,4,-25,-101,-300,-1310
400,Z9,11/7/1997,1997,3,199701,199701,1997003,1997003,199710,199710,4975,4899,4700,3690,9/1/1997,8/29/1998,10/27/1997,11/30/1997,9/1/1997,11/30/1997,11/2/1997,11/8/1997,4,-25,-101,-300,-1310
400,Z9,11/8/1997,1997,3,199701,199701,1997003,1997003,199710,199710,4975,4899,4700,3690,9/1/1997,8/29/1998,10/27/1997,11/30/1997,9/1/1997,11/30/1997,11/2/1997,11/8/1997,4,-25,-101,-300,-1310
400,Z9,11/9/1997,1997,3,199701,199701,1997003,1997003,199711,199711,4975,4899,4700,3691,9/1/1997,8/29/1998,10/27/1997,11/30/1997,9/1/1997,11/30/1997,11/9/1997,11/15/1997,4,-25,-101,-300,-1309
400,Z9,11/10/1997,1997,3,199701,199701,1997003,1997003,199711,199711,4975,4899,4700,3691,9/1/1997,8/29/1998,10/27/1997,11/30/1997,9/1/1997,11/30/1997,11/9/1997,11/15/1997,4,-25,-101,-300,-1309
400,Z9,11/11/1997,1997,3,199701,199701,1997003,1997003,199711,199711,4975,4899,4700,3691,9/1/1997,8/29/1998,10/27/1997,11/30/1997,9/1/1997,11/30/1997,11/9/1997,11/15/1997,4,-25,-101,-300,-1309
400,Z9,11/12/1997,1997,3,199701,199701,1997003,1997003,199711,199711,4975,4899,4700,3691,9/1/1997,8/29/1998,10/27/1997,11/30/1997,9/1/1997,11/30/1997,11/9/1997,11/15/1997,4,-25,-101,-300,-1309
400,Z9,11/13/1997,1997,3,199701,199701,1997003,1997003,199711,199711,4975,4899,4700,3691,9/1/1997,8/29/1998,10/27/1997,11/30/1997,9/1/1997,11/30/1997,11/9/1997,11/15/1997,4,-25,-101,-300,-1309
400,Z9,11/14/1997,1997,3,199701,199701,1997003,1997003,199711,199711,4975,4899,4700,3691,9/1/1997,8/29/1998,10/27/1997,11/30/1997,9/1/1997,11/30/1997,11/9/1997,11/15/1997,4,-25,-101,-300,-1309
400,Z9,11/15/1997,1997,3,199701,199701,1997003,1997003,199711,199711,4975,4899,4700,3691,9/1/1997,8/29/1998,10/27/1997,11/30/1997,9/1/1997,11/30/1997,11/9/1997,11/15/1997,4,-25,-101,-300,-1309
400,Z9,11/16/1997,1997,3,199701,199701,1997003,1997003,199712,199712,4975,4899,4700,3692,9/1/1997,8/29/1998,10/27/1997,11/30/1997,9/1/1997,11/30/1997,11/16/1997,11/22/1997,4,-25,-101,-300,-1308
400,Z9,11/17/1997,1997,3,199701,199701,1997003,1997003,199712,199712,4975,4899,4700,3692,9/1/1997,8/29/1998,10/27/1997,11/30/1997,9/1/1997,11/30/1997,11/16/1997,11/22/1997,4,-25,-101,-300,-1308
400,Z9,11/18/1997,1997,3,199701,199701,1997003,1997003,199712,199712,4975,4899,4700,3692,9/1/1997,8/29/1998,10/27/1997,11/30/1997,9/1/1997,11/30/1997,11/16/1997,11/22/1997,4,-25,-101,-300,-1308
400,Z9,11/19/1997,1997,3,199701,199701,1997003,1997003,199712,199712,4975,4899,4700,3692,9/1/1997,8/29/1998,10/27/1997,11/30/1997,9/1/1997,11/30/1997,11/16/1997,11/22/1997,4,-25,-101,-300,-1308
400,Z9,11/20/1997,1997,3,199701,199701,1997003,1997003,199712,199712,4975,4899,4700,3692,9/1/1997,8/29/1998,10/27/1997,11/30/1997,9/1/1997,11/30/1997,11/16/1997,11/22/1997,4,-25,-101,-300,-1308
400,Z9,11/21/1997,1997,3,199701,199701,1997003,1997003,199712,199712,4975,4899,4700,3692,9/1/1997,8/29/1998,10/27/1997,11/30/1997,9/1/1997,11/30/1997,11/16/1997,11/22/1997,4,-25,-101,-300,-1308
400,Z9,11/22/1997,1997,3,199701,199701,1997003,1997003,199712,199712,4975,4899,4700,3692,9/1/1997,8/29/1998,10/27/1997,11/30/1997,9/1/1997,11/30/1997,11/16/1997,11/22/1997,4,-25,-101,-300,-1308
400,Z9,11/23/1997,1997,3,199701,199701,1997003,1997003,199713,199713,4975,4899,4700,3693,9/1/1997,8/29/1998,10/27/1997,11/30/1997,9/1/1997,11/30/1997,11/23/1997,11/29/1997,4,-25,-101,-300,-1307
400,Z9,11/24/1997,1997,3,199701,199701,1997003,1997003,199713,199713,4975,4899,4700,3693,9/1/1997,8/29/1998,10/27/1997,11/30/1997,9/1/1997,11/30/1997,11/23/1997,11/29/1997,4,-25,-101,-300,-1307
400,Z9,11/25/1997,1997,3,199701,199701,1997003,1997003,199713,199713,4975,4899,4700,3693,9/1/1997,8/29/1998,10/27/1997,11/30/1997,9/1/1997,11/30/1997,11/23/1997,11/29/1997,4,-25,-101,-300,-1307
400,Z9,11/26/1997,1997,3,199701,199701,1997003,1997003,199713,199713,4975,4899,4700,3693,9/1/1997,8/29/1998,10/27/1997,11/30/1997,9/1/1997,11/30/1997,11/23/1997,11/29/1997,4,-25,-101,-300,-1307
400,Z9,11/27/1997,1997,3,199701,199701,1997003,1997003,199713,199713,4975,4899,4700,3693,9/1/1997,8/29/1998,10/27/1997,11/30/1997,9/1/1997,11/30/1997,11/23/1997,11/29/1997,4,-25,-101,-300,-1307
400,Z9,11/28/1997,1997,3,199701,199701,1997003,1997003,199713,199713,4975,4899,4700,3693,9/1/1997,8/29/1998,10/27/1997,11/30/1997,9/1/1997,11/30/1997,11/23/1997,11/29/1997,4,-25,-101,-300,-1307
400,Z9,11/29/1997,1997,3,199701,199701,1997003,1997003,199713,199713,4975,4899,4700,3693,9/1/1997,8/29/1998,10/27/1997,11/30/1997,9/1/1997,11/30/1997,11/23/1997,11/29/1997,4,-25,-101,-300,-1307
400,Z9,9/29/1997,1997,2,199701,199701,1997002,1997002,199705,199705,4975,4899,4699,3685,9/1/1997,8/29/1998,9/29/1997,10/26/1997,9/1/1997,11/30/1997,9/28/1997,10/4/1997,4,-25,-101,-301,-1315
400,Z9,9/30/1997,1997,2,199701,199701,1997002,1997002,199705,199705,4975,4899,4699,3685,9/1/1997,8/29/1998,9/29/1997,10/26/1997,9/1/1997,11/30/1997,9/28/1997,10/4/1997,4,-25,-101,-301,-1315
400,Z9,10/1/1997,1997,2,199701,199701,1997002,1997002,199705,199705,4975,4899,4699,3685,9/1/1997,8/29/1998,9/29/1997,10/26/1997,9/1/1997,11/30/1997,9/28/1997,10/4/1997,4,-25,-101,-301,-1315
400,Z9,10/2/1997,1997,2,199701,199701,1997002,1997002,199705,199705,4975,4899,4699,3685,9/1/1997,8/29/1998,9/29/1997,10/26/1997,9/1/1997,11/30/1997,9/28/1997,10/4/1997,4,-25,-101,-301,-1315
400,Z9,10/3/1997,1997,2,199701,199701,1997002,1997002,199705,199705,4975,4899,4699,3685,9/1/1997,8/29/1998,9/29/1997,10/26/1997,9/1/1997,11/30/1997,9/28/1997,10/4/1997,4,-25,-101,-301,-1315
400,Z9,10/4/1997,1997,2,199701,199701,1997002,1997002,199705,199705,4975,4899,4699,3685,9/1/1997,8/29/1998,9/29/1997,10/26/1997,9/1/1997,11/30/1997,9/28/1997,10/4/1997,4,-25,-101,-301,-1315
400,Z9,10/5/1997,1997,2,199701,199701,1997002,1997002,199706,199706,4975,4899,4699,3686,9/1/1997,8/29/1998,9/29/1997,10/26/1997,9/1/1997,11/30/1997,10/5/1997,10/11/1997,4,-25,-101,-301,-1314
400,Z9,10/6/1997,1997,2,199701,199701,1997002,1997002,199706,199706,4975,4899,4699,3686,9/1/1997,8/29/1998,9/29/1997,10/26/1997,9/1/1997,11/30/1997,10/5/1997,10/11/1997,4,-25,-101,-301,-1314
400,Z9,10/7/1997,1997,2,199701,199701,1997002,1997002,199706,199706,4975,4899,4699,3686,9/1/1997,8/29/1998,9/29/1997,10/26/1997,9/1/1997,11/30/1997,10/5/1997,10/11/1997,4,-25,-101,-301,-1314
400,Z9,10/8/1997,1997,2,199701,199701,1997002,1997002,199706,199706,4975,4899,4699,3686,9/1/1997,8/29/1998,9/29/1997,10/26/1997,9/1/1997,11/30/1997,10/5/1997,10/11/1997,4,-25,-101,-301,-1314
400,Z9,10/9/1997,1997,2,199701,199701,1997002,1997002,199706,199706,4975,4899,4699,3686,9/1/1997,8/29/1998,9/29/1997,10/26/1997,9/1/1997,11/30/1997,10/5/1997,10/11/1997,4,-25,-101,-301,-1314
400,Z9,10/10/1997,1997,2,199701,199701,1997002,1997002,199706,199706,4975,4899,4699,3686,9/1/1997,8/29/1998,9/29/1997,10/26/1997,9/1/1997,11/30/1997,10/5/1997,10/11/1997,4,-25,-101,-301,-1314
400,Z9,10/11/1997,1997,2,199701,199701,1997002,1997002,199706,199706,4975,4899,4699,3686,9/1/1997,8/29/1998,9/29/1997,10/26/1997,9/1/1997,11/30/1997,10/5/1997,10/11/1997,4,-25,-101,-301,-1314
400,Z9,10/12/1997,1997,2,199701,199701,1997002,1997002,199707,199707,4975,4899,4699,3687,9/1/1997,8/29/1998,9/29/1997,10/26/1997,9/1/1997,11/30/1997,10/12/1997,10/18/1997,4,-25,-101,-301,-1313
400,Z9,10/13/1997,1997,2,199701,199701,1997002,1997002,199707,199707,4975,4899,4699,3687,9/1/1997,8/29/1998,9/29/1997,10/26/1997,9/1/1997,11/30/1997,10/12/1997,10/18/1997,4,-25,-101,-301,-1313
400,Z9,10/14/1997,1997,2,199701,199701,1997002,1997002,199707,199707,4975,4899,4699,3687,9/1/1997,8/29/1998,9/29/1997,10/26/1997,9/1/1997,11/30/1997,10/12/1997,10/18/1997,4,-25,-101,-301,-1313
400,Z9,10/15/1997,1997,2,199701,199701,1997002,1997002,199707,199707,4975,4899,4699,3687,9/1/1997,8/29/1998,9/29/1997,10/26/1997,9/1/1997,11/30/1997,10/12/1997,10/18/1997,4,-25,-101,-301,-1313
400,Z9,10/16/1997,1997,2,199701,199701,1997002,1997002,199707,199707,4975,4899,4699,3687,9/1/1997,8/29/1998,9/29/1997,10/26/1997,9/1/1997,11/30/1997,10/12/1997,10/18/1997,4,-25,-101,-301,-1313
400,Z9,10/17/1997,1997,2,199701,199701,1997002,1997002,199707,199707,4975,4899,4699,3687,9/1/1997,8/29/1998,9/29/1997,10/26/1997,9/1/1997,11/30/1997,10/12/1997,10/18/1997,4,-25,-101,-301,-1313
400,Z9,10/18/1997,1997,2,199701,199701,1997002,1997002,199707,199707,4975,4899,4699,3687,9/1/1997,8/29/1998,9/29/1997,10/26/1997,9/1/1997,11/30/1997,10/12/1997,10/18/1997,4,-25,-101,-301,-1313
400,Z9,10/19/1997,1997,2,199701,199701,1997002,1997002,199708,199708,4975,4899,4699,3688,9/1/1997,8/29/1998,9/29/1997,10/26/1997,9/1/1997,11/30/1997,10/19/1997,10/25/1997,4,-25,-101,-301,-1312
400,Z9,10/20/1997,1997,2,199701,199701,1997002,1997002,199708,199708,4975,4899,4699,3688,9/1/1997,8/29/1998,9/29/1997,10/26/1997,9/1/1997,11/30/1997,10/19/1997,10/25/1997,4,-25,-101,-301,-1312
400,Z9,10/21/1997,1997,2,199701,199701,1997002,1997002,199708,199708,4975,4899,4699,3688,9/1/1997,8/29/1998,9/29/1997,10/26/1997,9/1/1997,11/30/1997,10/19/1997,10/25/1997,4,-25,-101,-301,-1312
400,Z9,10/22/1997,1997,2,199701,199701,1997002,1997002,199708,199708,4975,4899,4699,3688,9/1/1997,8/29/1998,9/29/1997,10/26/1997,9/1/1997,11/30/1997,10/19/1997,10/25/1997,4,-25,-101,-301,-1312
400,Z9,10/23/1997,1997,2,199701,199701,1997002,1997002,199708,199708,4975,4899,4699,3688,9/1/1997,8/29/1998,9/29/1997,10/26/1997,9/1/1997,11/30/1997,10/19/1997,10/25/1997,4,-25,-101,-301,-1312
400,Z9,10/24/1997,1997,2,199701,199701,1997002,1997002,199708,199708,4975,4899,4699,3688,9/1/1997,8/29/1998,9/29/1997,10/26/1997,9/1/1997,11/30/1997,10/19/1997,10/25/1997,4,-25,-101,-301,-1312
400,Z9,10/25/1997,1997,2,199701,199701,1997002,1997002,199708,199708,4975,4899,4699,3688,9/1/1997,8/29/1998,9/29/1997,10/26/1997,9/1/1997,11/30/1997,10/19/1997,10/25/1997,4,-25,-101,-301,-1312
400,Z9,10/26/1997,1997,2,199701,199701,1997002,1997002,199709,199709,4975,4899,4699,3689,9/1/1997,8/29/1998,9/29/1997,10/26/1997,9/1/1997,11/30/1997,10/26/1997,11/1/1997,4,-25,-101,-301,-1311
400,Z9,1/25/1998,1997,6,199702,199702,1997006,1997006,199722,199722,4975,4900,4703,3702,9/1/1997,8/29/1998,1/25/1998,2/28/1998,12/1/1997,2/28/1998,1/25/1998,1/31/1998,4,-25,-100,-297,-1298
400,Z9,1/26/1998,1997,6,199702,199702,1997006,1997006,199722,199722,4975,4900,4703,3702,9/1/1997,8/29/1998,1/25/1998,2/28/1998,12/1/1997,2/28/1998,1/25/1998,1/31/1998,4,-25,-100,-297,-1298
400,Z9,1/27/1998,1997,6,199702,199702,1997006,1997006,199722,199722,4975,4900,4703,3702,9/1/1997,8/29/1998,1/25/1998,2/28/1998,12/1/1997,2/28/1998,1/25/1998,1/31/1998,4,-25,-100,-297,-1298
400,Z9,1/28/1998,1997,6,199702,199702,1997006,1997006,199722,199722,4975,4900,4703,3702,9/1/1997,8/29/1998,1/25/1998,2/28/1998,12/1/1997,2/28/1998,1/25/1998,1/31/1998,4,-25,-100,-297,-1298
400,Z9,1/29/1998,1997,6,199702,199702,1997006,1997006,199722,199722,4975,4900,4703,3702,9/1/1997,8/29/1998,1/25/1998,2/28/1998,12/1/1997,2/28/1998,1/25/1998,1/31/1998,4,-25,-100,-297,-1298
400,Z9,1/30/1998,1997,6,199702,199702,1997006,1997006,199722,199722,4975,4900,4703,3702,9/1/1997,8/29/1998,1/25/1998,2/28/1998,12/1/1997,2/28/1998,1/25/1998,1/31/1998,4,-25,-100,-297,-1298
400,Z9,1/31/1998,1997,6,199702,199702,1997006,1997006,199722,199722,4975,4900,4703,3702,9/1/1997,8/29/1998,1/25/1998,2/28/1998,12/1/1997,2/28/1998,1/25/1998,1/31/1998,4,-25,-100,-297,-1298
400,Z9,2/1/1998,1997,6,199702,199702,1997006,1997006,199723,199723,4975,4900,4703,3703,9/1/1997,8/29/1998,1/25/1998,2/28/1998,12/1/1997,2/28/1998,2/1/1998,2/7/1998,4,-25,-100,-297,-1297
400,Z9,2/2/1998,1997,6,199702,199702,1997006,1997006,199723,199723,4975,4900,4703,3703,9/1/1997,8/29/1998,1/25/1998,2/28/1998,12/1/1997,2/28/1998,2/1/1998,2/7/1998,4,-25,-100,-297,-1297
400,Z9,2/3/1998,1997,6,199702,199702,1997006,1997006,199723,199723,4975,4900,4703,3703,9/1/1997,8/29/1998,1/25/1998,2/28/1998,12/1/1997,2/28/1998,2/1/1998,2/7/1998,4,-25,-100,-297,-1297
400,Z9,2/4/1998,1997,6,199702,199702,1997006,1997006,199723,199723,4975,4900,4703,3703,9/1/1997,8/29/1998,1/25/1998,2/28/1998,12/1/1997,2/28/1998,2/1/1998,2/7/1998,4,-25,-100,-297,-1297
400,Z9,2/5/1998,1997,6,199702,199702,1997006,1997006,199723,199723,4975,4900,4703,3703,9/1/1997,8/29/1998,1/25/1998,2/28/1998,12/1/1997,2/28/1998,2/1/1998,2/7/1998,4,-25,-100,-297,-1297
400,Z9,2/6/1998,1997,6,199702,199702,1997006,1997006,199723,199723,4975,4900,4703,3703,9/1/1997,8/29/1998,1/25/1998,2/28/1998,12/1/1997,2/28/1998,2/1/1998,2/7/1998,4,-25,-100,-297,-1297
400,Z9,2/7/1998,1997,6,199702,199702,1997006,1997006,199723,199723,4975,4900,4703,3703,9/1/1997,8/29/1998,1/25/1998,2/28/1998,12/1/1997,2/28/1998,2/1/1998,2/7/1998,4,-25,-100,-297,-1297
400,Z9,2/8/1998,1997,6,199702,199702,1997006,1997006,199724,199724,4975,4900,4703,3704,9/1/1997,8/29/1998,1/25/1998,2/28/1998,12/1/1997,2/28/1998,2/8/1998,2/14/1998,4,-25,-100,-297,-1296
400,Z9,2/9/1998,1997,6,199702,199702,1997006,1997006,199724,199724,4975,4900,4703,3704,9/1/1997,8/29/1998,1/25/1998,2/28/1998,12/1/1997,2/28/1998,2/8/1998,2/14/1998,4,-25,-100,-297,-1296
400,Z9,2/10/1998,1997,6,199702,199702,1997006,1997006,199724,199724,4975,4900,4703,3704,9/1/1997,8/29/1998,1/25/1998,2/28/1998,12/1/1997,2/28/1998,2/8/1998,2/14/1998,4,-25,-100,-297,-1296
400,Z9,2/11/1998,1997,6,199702,199702,1997006,1997006,199724,199724,4975,4900,4703,3704,9/1/1997,8/29/1998,1/25/1998,2/28/1998,12/1/1997,2/28/1998,2/8/1998,2/14/1998,4,-25,-100,-297,-1296
400,Z9,2/12/1998,1997,6,199702,199702,1997006,1997006,199724,199724,4975,4900,4703,3704,9/1/1997,8/29/1998,1/25/1998,2/28/1998,12/1/1997,2/28/1998,2/8/1998,2/14/1998,4,-25,-100,-297,-1296
400,Z9,2/13/1998,1997,6,199702,199702,1997006,1997006,199724,199724,4975,4900,4703,3704,9/1/1997,8/29/1998,1/25/1998,2/28/1998,12/1/1997,2/28/1998,2/8/1998,2/14/1998,4,-25,-100,-297,-1296
400,Z9,2/14/1998,1997,6,199702,199702,1997006,1997006,199724,199724,4975,4900,4703,3704,9/1/1997,8/29/1998,1/25/1998,2/28/1998,12/1/1997,2/28/1998,2/8/1998,2/14/1998,4,-25,-100,-297,-1296
400,Z9,2/15/1998,1997,6,199702,199702,1997006,1997006,199725,199725,4975,4900,4703,3705,9/1/1997,8/29/1998,1/25/1998,2/28/1998,12/1/1997,2/28/1998,2/15/1998,2/21/1998,4,-25,-100,-297,-1295
400,Z9,2/16/1998,1997,6,199702,199702,1997006,1997006,199725,199725,4975,4900,4703,3705,9/1/1997,8/29/1998,1/25/1998,2/28/1998,12/1/1997,2/28/1998,2/15/1998,2/21/1998,4,-25,-100,-297,-1295
400,Z9,2/17/1998,1997,6,199702,199702,1997006,1997006,199725,199725,4975,4900,4703,3705,9/1/1997,8/29/1998,1/25/1998,2/28/1998,12/1/1997,2/28/1998,2/15/1998,2/21/1998,4,-25,-100,-297,-1295
400,Z9,2/18/1998,1997,6,199702,199702,1997006,1997006,199725,199725,4975,4900,4703,3705,9/1/1997,8/29/1998,1/25/1998,2/28/1998,12/1/1997,2/28/1998,2/15/1998,2/21/1998,4,-25,-100,-297,-1295
400,Z9,2/19/1998,1997,6,199702,199702,1997006,1997006,199725,199725,4975,4900,4703,3705,9/1/1997,8/29/1998,1/25/1998,2/28/1998,12/1/1997,2/28/1998,2/15/1998,2/21/1998,4,-25,-100,-297,-1295
400,Z9,2/20/1998,1997,6,199702,199702,1997006,1997006,199725,199725,4975,4900,4703,3705,9/1/1997,8/29/1998,1/25/1998,2/28/1998,12/1/1997,2/28/1998,2/15/1998,2/21/1998,4,-25,-100,-297,-1295
400,Z9,2/21/1998,1997,6,199702,199702,1997006,1997006,199725,199725,4975,4900,4703,3705,9/1/1997,8/29/1998,1/25/1998,2/28/1998,12/1/1997,2/28/1998,2/15/1998,2/21/1998,4,-25,-100,-297,-1295
400,Z9,2/22/1998,1997,6,199702,199702,1997006,1997006,199726,199726,4975,4900,4703,3706,9/1/1997,8/29/1998,1/25/1998,2/28/1998,12/1/1997,2/28/1998,2/22/1998,2/28/1998,4,-25,-100,-297,-1294
400,Z9,2/23/1998,1997,6,199702,199702,1997006,1997006,199726,199726,4975,4900,4703,3706,9/1/1997,8/29/1998,1/25/1998,2/28/1998,12/1/1997,2/28/1998,2/22/1998,2/28/1998,4,-25,-100,-297,-1294
400,Z9,2/24/1998,1997,6,199702,199702,1997006,1997006,199726,199726,4975,4900,4703,3706,9/1/1997,8/29/1998,1/25/1998,2/28/1998,12/1/1997,2/28/1998,2/22/1998,2/28/1998,4,-25,-100,-297,-1294
400,Z9,2/25/1998,1997,6,199702,199702,1997006,1997006,199726,199726,4975,4900,4703,3706,9/1/1997,8/29/1998,1/25/1998,2/28/1998,12/1/1997,2/28/1998,2/22/1998,2/28/1998,4,-25,-100,-297,-1294
400,Z9,2/26/1998,1997,6,199702,199702,1997006,1997006,199726,199726,4975,4900,4703,3706,9/1/1997,8/29/1998,1/25/1998,2/28/1998,12/1/1997,2/28/1998,2/22/1998,2/28/1998,4,-25,-100,-297,-1294
400,Z9,2/27/1998,1997,6,199702,199702,1997006,1997006,199726,199726,4975,4900,4703,3706,9/1/1997,8/29/1998,1/25/1998,2/28/1998,12/1/1997,2/28/1998,2/22/1998,2/28/1998,4,-25,-100,-297,-1294
400,Z9,2/28/1998,1997,6,199702,199702,1997006,1997006,199726,199726,4975,4900,4703,3706,9/1/1997,8/29/1998,1/25/1998,2/28/1998,12/1/1997,2/28/1998,2/22/1998,2/28/1998,4,-25,-100,-297,-1294
400,Z9,12/29/1997,1997,5,199702,199702,1997005,1997005,199718,199718,4975,4900,4702,3698,9/1/1997,8/29/1998,12/29/1997,1/24/1998,12/1/1997,2/28/1998,12/28/1997,1/3/1998,4,-25,-100,-298,-1302
400,Z9,12/30/1997,1997,5,199702,199702,1997005,1997005,199718,199718,4975,4900,4702,3698,9/1/1997,8/29/1998,12/29/1997,1/24/1998,12/1/1997,2/28/1998,12/28/1997,1/3/1998,4,-25,-100,-298,-1302
400,Z9,12/31/1997,1997,5,199702,199702,1997005,1997005,199718,199718,4975,4900,4702,3698,9/1/1997,8/29/1998,12/29/1997,1/24/1998,12/1/1997,2/28/1998,12/28/1997,1/3/1998,4,-25,-100,-298,-1302
400,Z9,1/1/1998,1997,5,199702,199702,1997005,1997005,199718,199718,4975,4900,4702,3698,9/1/1997,8/29/1998,12/29/1997,1/24/1998,12/1/1997,2/28/1998,12/28/1997,1/3/1998,4,-25,-100,-298,-1302
400,Z9,1/2/1998,1997,5,199702,199702,1997005,1997005,199718,199718,4975,4900,4702,3698,9/1/1997,8/29/1998,12/29/1997,1/24/1998,12/1/1997,2/28/1998,12/28/1997,1/3/1998,4,-25,-100,-298,-1302
400,Z9,1/3/1998,1997,5,199702,199702,1997005,1997005,199718,199718,4975,4900,4702,3698,9/1/1997,8/29/1998,12/29/1997,1/24/1998,12/1/1997,2/28/1998,12/28/1997,1/3/1998,4,-25,-100,-298,-1302
400,Z9,1/4/1998,1997,5,199702,199702,1997005,1997005,199719,199719,4975,4900,4702,3699,9/1/1997,8/29/1998,12/29/1997,1/24/1998,12/1/1997,2/28/1998,1/4/1998,1/10/1998,4,-25,-100,-298,-1301
400,Z9,1/5/1998,1997,5,199702,199702,1997005,1997005,199719,199719,4975,4900,4702,3699,9/1/1997,8/29/1998,12/29/1997,1/24/1998,12/1/1997,2/28/1998,1/4/1998,1/10/1998,4,-25,-100,-298,-1301
400,Z9,1/6/1998,1997,5,199702,199702,1997005,1997005,199719,199719,4975,4900,4702,3699,9/1/1997,8/29/1998,12/29/1997,1/24/1998,12/1/1997,2/28/1998,1/4/1998,1/10/1998,4,-25,-100,-298,-1301
400,Z9,1/7/1998,1997,5,199702,199702,1997005,1997005,199719,199719,4975,4900,4702,3699,9/1/1997,8/29/1998,12/29/1997,1/24/1998,12/1/1997,2/28/1998,1/4/1998,1/10/1998,4,-25,-100,-298,-1301
400,Z9,1/8/1998,1997,5,199702,199702,1997005,1997005,199719,199719,4975,4900,4702,3699,9/1/1997,8/29/1998,12/29/1997,1/24/1998,12/1/1997,2/28/1998,1/4/1998,1/10/1998,4,-25,-100,-298,-1301
400,Z9,1/9/1998,1997,5,199702,199702,1997005,1997005,199719,199719,4975,4900,4702,3699,9/1/1997,8/29/1998,12/29/1997,1/24/1998,12/1/1997,2/28/1998,1/4/1998,1/10/1998,4,-25,-100,-298,-1301
400,Z9,1/10/1998,1997,5,199702,199702,1997005,1997005,199719,199719,4975,4900,4702,3699,9/1/1997,8/29/1998,12/29/1997,1/24/1998,12/1/1997,2/28/1998,1/4/1998,1/10/1998,4,-25,-100,-298,-1301
400,Z9,1/11/1998,1997,5,199702,199702,1997005,1997005,199720,199720,4975,4900,4702,3700,9/1/1997,8/29/1998,12/29/1997,1/24/1998,12/1/1997,2/28/1998,1/11/1998,1/17/1998,4,-25,-100,-298,-1300
400,Z9,1/12/1998,1997,5,199702,199702,1997005,1997005,199720,199720,4975,4900,4702,3700,9/1/1997,8/29/1998,12/29/1997,1/24/1998,12/1/1997,2/28/1998,1/11/1998,1/17/1998,4,-25,-100,-298,-1300
400,Z9,1/13/1998,1997,5,199702,199702,1997005,1997005,199720,199720,4975,4900,4702,3700,9/1/1997,8/29/1998,12/29/1997,1/24/1998,12/1/1997,2/28/1998,1/11/1998,1/17/1998,4,-25,-100,-298,-1300
400,Z9,1/14/1998,1997,5,199702,199702,1997005,1997005,199720,199720,4975,4900,4702,3700,9/1/1997,8/29/1998,12/29/1997,1/24/1998,12/1/1997,2/28/1998,1/11/1998,1/17/1998,4,-25,-100,-298,-1300
400,Z9,1/15/1998,1997,5,199702,199702,1997005,1997005,199720,199720,4975,4900,4702,3700,9/1/1997,8/29/1998,12/29/1997,1/24/1998,12/1/1997,2/28/1998,1/11/1998,1/17/1998,4,-25,-100,-298,-1300
400,Z9,1/16/1998,1997,5,199702,199702,1997005,1997005,199720,199720,4975,4900,4702,3700,9/1/1997,8/29/1998,12/29/1997,1/24/1998,12/1/1997,2/28/1998,1/11/1998,1/17/1998,4,-25,-100,-298,-1300
400,Z9,1/17/1998,1997,5,199702,199702,1997005,1997005,199720,199720,4975,4900,4702,3700,9/1/1997,8/29/1998,12/29/1997,1/24/1998,12/1/1997,2/28/1998,1/11/1998,1/17/1998,4,-25,-100,-298,-1300
400,Z9,1/18/1998,1997,5,199702,199702,1997005,1997005,199721,199721,4975,4900,4702,3701,9/1/1997,8/29/1998,12/29/1997,1/24/1998,12/1/1997,2/28/1998,1/18/1998,1/24/1998,4,-25,-100,-298,-1299
400,Z9,1/19/1998,1997,5,199702,199702,1997005,1997005,199721,199721,4975,4900,4702,3701,9/1/1997,8/29/1998,12/29/1997,1/24/1998,12/1/1997,2/28/1998,1/18/1998,1/24/1998,4,-25,-100,-298,-1299
400,Z9,1/20/1998,1997,5,199702,199702,1997005,1997005,199721,199721,4975,4900,4702,3701,9/1/1997,8/29/1998,12/29/1997,1/24/1998,12/1/1997,2/28/1998,1/18/1998,1/24/1998,4,-25,-100,-298,-1299
400,Z9,1/21/1998,1997,5,199702,199702,1997005,1997005,199721,199721,4975,4900,4702,3701,9/1/1997,8/29/1998,12/29/1997,1/24/1998,12/1/1997,2/28/1998,1/18/1998,1/24/1998,4,-25,-100,-298,-1299
400,Z9,1/22/1998,1997,5,199702,199702,1997005,1997005,199721,199721,4975,4900,4702,3701,9/1/1997,8/29/1998,12/29/1997,1/24/1998,12/1/1997,2/28/1998,1/18/1998,1/24/1998,4,-25,-100,-298,-1299
400,Z9,1/23/1998,1997,5,199702,199702,1997005,1997005,199721,199721,4975,4900,4702,3701,9/1/1997,8/29/1998,12/29/1997,1/24/1998,12/1/1997,2/28/1998,1/18/1998,1/24/1998,4,-25,-100,-298,-1299
400,Z9,1/24/1998,1997,5,199702,199702,1997005,1997005,199721,199721,4975,4900,4702,3701,9/1/1997,8/29/1998,12/29/1997,1/24/1998,12/1/1997,2/28/1998,1/18/1998,1/24/1998,4,-25,-100,-298,-1299
400,Z9,4/26/1998,1997,9,199703,199703,1997009,1997009,199735,199735,4975,4901,4706,3715,9/1/1997,8/29/1998,4/26/1998,5/30/1998,3/1/1998,5/30/1998,4/26/1998,5/2/1998,4,-25,-99,-294,-1285
400,Z9,4/27/1998,1997,9,199703,199703,1997009,1997009,199735,199735,4975,4901,4706,3715,9/1/1997,8/29/1998,4/26/1998,5/30/1998,3/1/1998,5/30/1998,4/26/1998,5/2/1998,4,-25,-99,-294,-1285
400,Z9,4/28/1998,1997,9,199703,199703,1997009,1997009,199735,199735,4975,4901,4706,3715,9/1/1997,8/29/1998,4/26/1998,5/30/1998,3/1/1998,5/30/1998,4/26/1998,5/2/1998,4,-25,-99,-294,-1285
400,Z9,4/29/1998,1997,9,199703,199703,1997009,1997009,199735,199735,4975,4901,4706,3715,9/1/1997,8/29/1998,4/26/1998,5/30/1998,3/1/1998,5/30/1998,4/26/1998,5/2/1998,4,-25,-99,-294,-1285
400,Z9,4/30/1998,1997,9,199703,199703,1997009,1997009,199735,199735,4975,4901,4706,3715,9/1/1997,8/29/1998,4/26/1998,5/30/1998,3/1/1998,5/30/1998,4/26/1998,5/2/1998,4,-25,-99,-294,-1285
400,Z9,5/1/1998,1997,9,199703,199703,1997009,1997009,199735,199735,4975,4901,4706,3715,9/1/1997,8/29/1998,4/26/1998,5/30/1998,3/1/1998,5/30/1998,4/26/1998,5/2/1998,4,-25,-99,-294,-1285
400,Z9,5/2/1998,1997,9,199703,199703,1997009,1997009,199735,199735,4975,4901,4706,3715,9/1/1997,8/29/1998,4/26/1998,5/30/1998,3/1/1998,5/30/1998,4/26/1998,5/2/1998,4,-25,-99,-294,-1285
400,Z9,5/3/1998,1997,9,199703,199703,1997009,1997009,199736,199736,4975,4901,4706,3716,9/1/1997,8/29/1998,4/26/1998,5/30/1998,3/1/1998,5/30/1998,5/3/1998,5/9/1998,4,-25,-99,-294,-1284
400,Z9,5/4/1998,1997,9,199703,199703,1997009,1997009,199736,199736,4975,4901,4706,3716,9/1/1997,8/29/1998,4/26/1998,5/30/1998,3/1/1998,5/30/1998,5/3/1998,5/9/1998,4,-25,-99,-294,-1284
400,Z9,5/5/1998,1997,9,199703,199703,1997009,1997009,199736,199736,4975,4901,4706,3716,9/1/1997,8/29/1998,4/26/1998,5/30/1998,3/1/1998,5/30/1998,5/3/1998,5/9/1998,4,-25,-99,-294,-1284
400,Z9,5/6/1998,1997,9,199703,199703,1997009,1997009,199736,199736,4975,4901,4706,3716,9/1/1997,8/29/1998,4/26/1998,5/30/1998,3/1/1998,5/30/1998,5/3/1998,5/9/1998,4,-25,-99,-294,-1284
400,Z9,5/7/1998,1997,9,199703,199703,1997009,1997009,199736,199736,4975,4901,4706,3716,9/1/1997,8/29/1998,4/26/1998,5/30/1998,3/1/1998,5/30/1998,5/3/1998,5/9/1998,4,-25,-99,-294,-1284
400,Z9,5/8/1998,1997,9,199703,199703,1997009,1997009,199736,199736,4975,4901,4706,3716,9/1/1997,8/29/1998,4/26/1998,5/30/1998,3/1/1998,5/30/1998,5/3/1998,5/9/1998,4,-25,-99,-294,-1284
400,Z9,5/9/1998,1997,9,199703,199703,1997009,1997009,199736,199736,4975,4901,4706,3716,9/1/1997,8/29/1998,4/26/1998,5/30/1998,3/1/1998,5/30/1998,5/3/1998,5/9/1998,4,-25,-99,-294,-1284
400,Z9,5/10/1998,1997,9,199703,199703,1997009,1997009,199737,199737,4975,4901,4706,3717,9/1/1997,8/29/1998,4/26/1998,5/30/1998,3/1/1998,5/30/1998,5/10/1998,5/16/1998,4,-25,-99,-294,-1283
400,Z9,5/11/1998,1997,9,199703,199703,1997009,1997009,199737,199737,4975,4901,4706,3717,9/1/1997,8/29/1998,4/26/1998,5/30/1998,3/1/1998,5/30/1998,5/10/1998,5/16/1998,4,-25,-99,-294,-1283
400,Z9,5/12/1998,1997,9,199703,199703,1997009,1997009,199737,199737,4975,4901,4706,3717,9/1/1997,8/29/1998,4/26/1998,5/30/1998,3/1/1998,5/30/1998,5/10/1998,5/16/1998,4,-25,-99,-294,-1283
400,Z9,5/13/1998,1997,9,199703,199703,1997009,1997009,199737,199737,4975,4901,4706,3717,9/1/1997,8/29/1998,4/26/1998,5/30/1998,3/1/1998,5/30/1998,5/10/1998,5/16/1998,4,-25,-99,-294,-1283
400,Z9,5/14/1998,1997,9,199703,199703,1997009,1997009,199737,199737,4975,4901,4706,3717,9/1/1997,8/29/1998,4/26/1998,5/30/1998,3/1/1998,5/30/1998,5/10/1998,5/16/1998,4,-25,-99,-294,-1283
400,Z9,5/15/1998,1997,9,199703,199703,1997009,1997009,199737,199737,4975,4901,4706,3717,9/1/1997,8/29/1998,4/26/1998,5/30/1998,3/1/1998,5/30/1998,5/10/1998,5/16/1998,4,-25,-99,-294,-1283
400,Z9,5/16/1998,1997,9,199703,199703,1997009,1997009,199737,199737,4975,4901,4706,3717,9/1/1997,8/29/1998,4/26/1998,5/30/1998,3/1/1998,5/30/1998,5/10/1998,5/16/1998,4,-25,-99,-294,-1283
400,Z9,5/17/1998,1997,9,199703,199703,1997009,1997009,199738,199738,4975,4901,4706,3718,9/1/1997,8/29/1998,4/26/1998,5/30/1998,3/1/1998,5/30/1998,5/17/1998,5/23/1998,4,-25,-99,-294,-1282
400,Z9,5/18/1998,1997,9,199703,199703,1997009,1997009,199738,199738,4975,4901,4706,3718,9/1/1997,8/29/1998,4/26/1998,5/30/1998,3/1/1998,5/30/1998,5/17/1998,5/23/1998,4,-25,-99,-294,-1282
400,Z9,5/19/1998,1997,9,199703,199703,1997009,1997009,199738,199738,4975,4901,4706,3718,9/1/1997,8/29/1998,4/26/1998,5/30/1998,3/1/1998,5/30/1998,5/17/1998,5/23/1998,4,-25,-99,-294,-1282
400,Z9,5/20/1998,1997,9,199703,199703,1997009,1997009,199738,199738,4975,4901,4706,3718,9/1/1997,8/29/1998,4/26/1998,5/30/1998,3/1/1998,5/30/1998,5/17/1998,5/23/1998,4,-25,-99,-294,-1282
400,Z9,5/21/1998,1997,9,199703,199703,1997009,1997009,199738,199738,4975,4901,4706,3718,9/1/1997,8/29/1998,4/26/1998,5/30/1998,3/1/1998,5/30/1998,5/17/1998,5/23/1998,4,-25,-99,-294,-1282
400,Z9,5/22/1998,1997,9,199703,199703,1997009,1997009,199738,199738,4975,4901,4706,3718,9/1/1997,8/29/1998,4/26/1998,5/30/1998,3/1/1998,5/30/1998,5/17/1998,5/23/1998,4,-25,-99,-294,-1282
400,Z9,5/23/1998,1997,9,199703,199703,1997009,1997009,199738,199738,4975,4901,4706,3718,9/1/1997,8/29/1998,4/26/1998,5/30/1998,3/1/1998,5/30/1998,5/17/1998,5/23/1998,4,-25,-99,-294,-1282
400,Z9,5/24/1998,1997,9,199703,199703,1997009,1997009,199739,199739,4975,4901,4706,3719,9/1/1997,8/29/1998,4/26/1998,5/30/1998,3/1/1998,5/30/1998,5/24/1998,5/30/1998,4,-25,-99,-294,-1281
400,Z9,5/25/1998,1997,9,199703,199703,1997009,1997009,199739,199739,4975,4901,4706,3719,9/1/1997,8/29/1998,4/26/1998,5/30/1998,3/1/1998,5/30/1998,5/24/1998,5/30/1998,4,-25,-99,-294,-1281
400,Z9,5/26/1998,1997,9,199703,199703,1997009,1997009,199739,199739,4975,4901,4706,3719,9/1/1997,8/29/1998,4/26/1998,5/30/1998,3/1/1998,5/30/1998,5/24/1998,5/30/1998,4,-25,-99,-294,-1281
400,Z9,5/27/1998,1997,9,199703,199703,1997009,1997009,199739,199739,4975,4901,4706,3719,9/1/1997,8/29/1998,4/26/1998,5/30/1998,3/1/1998,5/30/1998,5/24/1998,5/30/1998,4,-25,-99,-294,-1281
400,Z9,5/28/1998,1997,9,199703,199703,1997009,1997009,199739,199739,4975,4901,4706,3719,9/1/1997,8/29/1998,4/26/1998,5/30/1998,3/1/1998,5/30/1998,5/24/1998,5/30/1998,4,-25,-99,-294,-1281
400,Z9,5/29/1998,1997,9,199703,199703,1997009,1997009,199739,199739,4975,4901,4706,3719,9/1/1997,8/29/1998,4/26/1998,5/30/1998,3/1/1998,5/30/1998,5/24/1998,5/30/1998,4,-25,-99,-294,-1281
400,Z9,5/30/1998,1997,9,199703,199703,1997009,1997009,199739,199739,4975,4901,4706,3719,9/1/1997,8/29/1998,4/26/1998,5/30/1998,3/1/1998,5/30/1998,5/24/1998,5/30/1998,4,-25,-99,-294,-1281
400,Z9,4/5/1998,1997,8,199703,199703,1997008,1997008,199732,199732,4975,4901,4705,3712,9/1/1997,8/29/1998,3/29/1998,4/25/1998,3/1/1998,5/30/1998,4/5/1998,4/11/1998,4,-25,-99,-295,-1288
400,Z9,4/6/1998,1997,8,199703,199703,1997008,1997008,199732,199732,4975,4901,4705,3712,9/1/1997,8/29/1998,3/29/1998,4/25/1998,3/1/1998,5/30/1998,4/5/1998,4/11/1998,4,-25,-99,-295,-1288
400,Z9,4/7/1998,1997,8,199703,199703,1997008,1997008,199732,199732,4975,4901,4705,3712,9/1/1997,8/29/1998,3/29/1998,4/25/1998,3/1/1998,5/30/1998,4/5/1998,4/11/1998,4,-25,-99,-295,-1288
400,Z9,4/12/1998,1997,8,199703,199703,1997008,1997008,199733,199733,4975,4901,4705,3713,9/1/1997,8/29/1998,3/29/1998,4/25/1998,3/1/1998,5/30/1998,4/12/1998,4/18/1998,4,-25,-99,-295,-1287
400,Z9,4/13/1998,1997,8,199703,199703,1997008,1997008,199733,199733,4975,4901,4705,3713,9/1/1997,8/29/1998,3/29/1998,4/25/1998,3/1/1998,5/30/1998,4/12/1998,4/18/1998,4,-25,-99,-295,-1287
400,Z9,4/14/1998,1997,8,199703,199703,1997008,1997008,199733,199733,4975,4901,4705,3713,9/1/1997,8/29/1998,3/29/1998,4/25/1998,3/1/1998,5/30/1998,4/12/1998,4/18/1998,4,-25,-99,-295,-1287
400,Z9,4/15/1998,1997,8,199703,199703,1997008,1997008,199733,199733,4975,4901,4705,3713,9/1/1997,8/29/1998,3/29/1998,4/25/1998,3/1/1998,5/30/1998,4/12/1998,4/18/1998,4,-25,-99,-295,-1287
400,Z9,4/16/1998,1997,8,199703,199703,1997008,1997008,199733,199733,4975,4901,4705,3713,9/1/1997,8/29/1998,3/29/1998,4/25/1998,3/1/1998,5/30/1998,4/12/1998,4/18/1998,4,-25,-99,-295,-1287
400,Z9,4/17/1998,1997,8,199703,199703,1997008,1997008,199733,199733,4975,4901,4705,3713,9/1/1997,8/29/1998,3/29/1998,4/25/1998,3/1/1998,5/30/1998,4/12/1998,4/18/1998,4,-25,-99,-295,-1287
400,Z9,4/18/1998,1997,8,199703,199703,1997008,1997008,199733,199733,4975,4901,4705,3713,9/1/1997,8/29/1998,3/29/1998,4/25/1998,3/1/1998,5/30/1998,4/12/1998,4/18/1998,4,-25,-99,-295,-1287
400,Z9,4/19/1998,1997,8,199703,199703,1997008,1997008,199734,199734,4975,4901,4705,3714,9/1/1997,8/29/1998,3/29/1998,4/25/1998,3/1/1998,5/30/1998,4/19/1998,4/25/1998,4,-25,-99,-295,-1286
400,Z9,4/20/1998,1997,8,199703,199703,1997008,1997008,199734,199734,4975,4901,4705,3714,9/1/1997,8/29/1998,3/29/1998,4/25/1998,3/1/1998,5/30/1998,4/19/1998,4/25/1998,4,-25,-99,-295,-1286
400,Z9,4/21/1998,1997,8,199703,199703,1997008,1997008,199734,199734,4975,4901,4705,3714,9/1/1997,8/29/1998,3/29/1998,4/25/1998,3/1/1998,5/30/1998,4/19/1998,4/25/1998,4,-25,-99,-295,-1286
400,Z9,4/22/1998,1997,8,199703,199703,1997008,1997008,199734,199734,4975,4901,4705,3714,9/1/1997,8/29/1998,3/29/1998,4/25/1998,3/1/1998,5/30/1998,4/19/1998,4/25/1998,4,-25,-99,-295,-1286
400,Z9,4/23/1998,1997,8,199703,199703,1997008,1997008,199734,199734,4975,4901,4705,3714,9/1/1997,8/29/1998,3/29/1998,4/25/1998,3/1/1998,5/30/1998,4/19/1998,4/25/1998,4,-25,-99,-295,-1286
400,Z9,4/24/1998,1997,8,199703,199703,1997008,1997008,199734,199734,4975,4901,4705,3714,9/1/1997,8/29/1998,3/29/1998,4/25/1998,3/1/1998,5/30/1998,4/19/1998,4/25/1998,4,-25,-99,-295,-1286
400,Z9,4/25/1998,1997,8,199703,199703,1997008,1997008,199734,199734,4975,4901,4705,3714,9/1/1997,8/29/1998,3/29/1998,4/25/1998,3/1/1998,5/30/1998,4/19/1998,4/25/1998,4,-25,-99,-295,-1286
400,Z9,3/29/1998,1997,8,199703,199703,1997008,1997008,199731,199731,4975,4901,4705,3711,9/1/1997,8/29/1998,3/29/1998,4/25/1998,3/1/1998,5/30/1998,3/29/1998,4/4/1998,4,-25,-99,-295,-1289
400,Z9,3/30/1998,1997,8,199703,199703,1997008,1997008,199731,199731,4975,4901,4705,3711,9/1/1997,8/29/1998,3/29/1998,4/25/1998,3/1/1998,5/30/1998,3/29/1998,4/4/1998,4,-25,-99,-295,-1289
400,Z9,3/31/1998,1997,8,199703,199703,1997008,1997008,199731,199731,4975,4901,4705,3711,9/1/1997,8/29/1998,3/29/1998,4/25/1998,3/1/1998,5/30/1998,3/29/1998,4/4/1998,4,-25,-99,-295,-1289
400,Z9,4/1/1998,1997,8,199703,199703,1997008,1997008,199731,199731,4975,4901,4705,3711,9/1/1997,8/29/1998,3/29/1998,4/25/1998,3/1/1998,5/30/1998,3/29/1998,4/4/1998,4,-25,-99,-295,-1289
400,Z9,4/2/1998,1997,8,199703,199703,1997008,1997008,199731,199731,4975,4901,4705,3711,9/1/1997,8/29/1998,3/29/1998,4/25/1998,3/1/1998,5/30/1998,3/29/1998,4/4/1998,4,-25,-99,-295,-1289
400,Z9,4/3/1998,1997,8,199703,199703,1997008,1997008,199731,199731,4975,4901,4705,3711,9/1/1997,8/29/1998,3/29/1998,4/25/1998,3/1/1998,5/30/1998,3/29/1998,4/4/1998,4,-25,-99,-295,-1289
400,Z9,4/4/1998,1997,8,199703,199703,1997008,1997008,199731,199731,4975,4901,4705,3711,9/1/1997,8/29/1998,3/29/1998,4/25/1998,3/1/1998,5/30/1998,3/29/1998,4/4/1998,4,-25,-99,-295,-1289
400,Z9,4/8/1998,1997,8,199703,199703,1997008,1997008,199732,199732,4975,4901,4705,3712,9/1/1997,8/29/1998,3/29/1998,4/25/1998,3/1/1998,5/30/1998,4/5/1998,4/11/1998,4,-25,-99,-295,-1288
400,Z9,4/9/1998,1997,8,199703,199703,1997008,1997008,199732,199732,4975,4901,4705,3712,9/1/1997,8/29/1998,3/29/1998,4/25/1998,3/1/1998,5/30/1998,4/5/1998,4/11/1998,4,-25,-99,-295,-1288
400,Z9,4/10/1998,1997,8,199703,199703,1997008,1997008,199732,199732,4975,4901,4705,3712,9/1/1997,8/29/1998,3/29/1998,4/25/1998,3/1/1998,5/30/1998,4/5/1998,4/11/1998,4,-25,-99,-295,-1288
400,Z9,4/11/1998,1997,8,199703,199703,1997008,1997008,199732,199732,4975,4901,4705,3712,9/1/1997,8/29/1998,3/29/1998,4/25/1998,3/1/1998,5/30/1998,4/5/1998,4/11/1998,4,-25,-99,-295,-1288
400,Z9,8/15/1998,1997,12,199704,199704,1997012,1997012,199750,199750,4975,4902,4709,3730,9/1/1997,8/29/1998,7/26/1998,8/29/1998,5/31/1998,8/29/1998,8/9/1998,8/15/1998,4,-25,-98,-291,-1270
400,Z9,8/16/1998,1997,12,199704,199704,1997012,1997012,199751,199751,4975,4902,4709,3731,9/1/1997,8/29/1998,7/26/1998,8/29/1998,5/31/1998,8/29/1998,8/16/1998,8/22/1998,4,-25,-98,-291,-1269
400,Z9,8/17/1998,1997,12,199704,199704,1997012,1997012,199751,199751,4975,4902,4709,3731,9/1/1997,8/29/1998,7/26/1998,8/29/1998,5/31/1998,8/29/1998,8/16/1998,8/22/1998,4,-25,-98,-291,-1269
400,Z9,8/18/1998,1997,12,199704,199704,1997012,1997012,199751,199751,4975,4902,4709,3731,9/1/1997,8/29/1998,7/26/1998,8/29/1998,5/31/1998,8/29/1998,8/16/1998,8/22/1998,4,-25,-98,-291,-1269
400,Z9,8/19/1998,1997,12,199704,199704,1997012,1997012,199751,199751,4975,4902,4709,3731,9/1/1997,8/29/1998,7/26/1998,8/29/1998,5/31/1998,8/29/1998,8/16/1998,8/22/1998,4,-25,-98,-291,-1269
400,Z9,8/20/1998,1997,12,199704,199704,1997012,1997012,199751,199751,4975,4902,4709,3731,9/1/1997,8/29/1998,7/26/1998,8/29/1998,5/31/1998,8/29/1998,8/16/1998,8/22/1998,4,-25,-98,-291,-1269
400,Z9,8/21/1998,1997,12,199704,199704,1997012,1997012,199751,199751,4975,4902,4709,3731,9/1/1997,8/29/1998,7/26/1998,8/29/1998,5/31/1998,8/29/1998,8/16/1998,8/22/1998,4,-25,-98,-291,-1269
400,Z9,8/22/1998,1997,12,199704,199704,1997012,1997012,199751,199751,4975,4902,4709,3731,9/1/1997,8/29/1998,7/26/1998,8/29/1998,5/31/1998,8/29/1998,8/16/1998,8/22/1998,4,-25,-98,-291,-1269
400,Z9,8/23/1998,1997,12,199704,199704,1997012,1997012,199752,199752,4975,4902,4709,3732,9/1/1997,8/29/1998,7/26/1998,8/29/1998,5/31/1998,8/29/1998,8/23/1998,8/29/1998,4,-25,-98,-291,-1268
400,Z9,8/24/1998,1997,12,199704,199704,1997012,1997012,199752,199752,4975,4902,4709,3732,9/1/1997,8/29/1998,7/26/1998,8/29/1998,5/31/1998,8/29/1998,8/23/1998,8/29/1998,4,-25,-98,-291,-1268
400,Z9,8/25/1998,1997,12,199704,199704,1997012,1997012,199752,199752,4975,4902,4709,3732,9/1/1997,8/29/1998,7/26/1998,8/29/1998,5/31/1998,8/29/1998,8/23/1998,8/29/1998,4,-25,-98,-291,-1268
400,Z9,8/26/1998,1997,12,199704,199704,1997012,1997012,199752,199752,4975,4902,4709,3732,9/1/1997,8/29/1998,7/26/1998,8/29/1998,5/31/1998,8/29/1998,8/23/1998,8/29/1998,4,-25,-98,-291,-1268
400,Z9,8/27/1998,1997,12,199704,199704,1997012,1997012,199752,199752,4975,4902,4709,3732,9/1/1997,8/29/1998,7/26/1998,8/29/1998,5/31/1998,8/29/1998,8/23/1998,8/29/1998,4,-25,-98,-291,-1268
400,Z9,8/28/1998,1997,12,199704,199704,1997012,1997012,199752,199752,4975,4902,4709,3732,9/1/1997,8/29/1998,7/26/1998,8/29/1998,5/31/1998,8/29/1998,8/23/1998,8/29/1998,4,-25,-98,-291,-1268
400,Z9,8/29/1998,1997,12,199704,199704,1997012,1997012,199752,199752,4975,4902,4709,3732,9/1/1997,8/29/1998,7/26/1998,8/29/1998,5/31/1998,8/29/1998,8/23/1998,8/29/1998,4,-25,-98,-291,-1268
400,Z9,6/28/1998,1997,11,199704,199704,1997011,1997011,199744,199744,4975,4902,4708,3724,9/1/1997,8/29/1998,6/28/1998,7/25/1998,5/31/1998,8/29/1998,6/28/1998,7/4/1998,4,-25,-98,-292,-1276
400,Z9,6/29/1998,1997,11,199704,199704,1997011,1997011,199744,199744,4975,4902,4708,3724,9/1/1997,8/29/1998,6/28/1998,7/25/1998,5/31/1998,8/29/1998,6/28/1998,7/4/1998,4,-25,-98,-292,-1276
400,Z9,6/30/1998,1997,11,199704,199704,1997011,1997011,199744,199744,4975,4902,4708,3724,9/1/1997,8/29/1998,6/28/1998,7/25/1998,5/31/1998,8/29/1998,6/28/1998,7/4/1998,4,-25,-98,-292,-1276
400,Z9,7/1/1998,1997,11,199704,199704,1997011,1997011,199744,199744,4975,4902,4708,3724,9/1/1997,8/29/1998,6/28/1998,7/25/1998,5/31/1998,8/29/1998,6/28/1998,7/4/1998,4,-25,-98,-292,-1276
400,Z9,7/2/1998,1997,11,199704,199704,1997011,1997011,199744,199744,4975,4902,4708,3724,9/1/1997,8/29/1998,6/28/1998,7/25/1998,5/31/1998,8/29/1998,6/28/1998,7/4/1998,4,-25,-98,-292,-1276
400,Z9,7/3/1998,1997,11,199704,199704,1997011,1997011,199744,199744,4975,4902,4708,3724,9/1/1997,8/29/1998,6/28/1998,7/25/1998,5/31/1998,8/29/1998,6/28/1998,7/4/1998,4,-25,-98,-292,-1276
400,Z9,7/4/1998,1997,11,199704,199704,1997011,1997011,199744,199744,4975,4902,4708,3724,9/1/1997,8/29/1998,6/28/1998,7/25/1998,5/31/1998,8/29/1998,6/28/1998,7/4/1998,4,-25,-98,-292,-1276
400,Z9,7/5/1998,1997,11,199704,199704,1997011,1997011,199745,199745,4975,4902,4708,3725,9/1/1997,8/29/1998,6/28/1998,7/25/1998,5/31/1998,8/29/1998,7/5/1998,7/11/1998,4,-25,-98,-292,-1275
400,Z9,7/6/1998,1997,11,199704,199704,1997011,1997011,199745,199745,4975,4902,4708,3725,9/1/1997,8/29/1998,6/28/1998,7/25/1998,5/31/1998,8/29/1998,7/5/1998,7/11/1998,4,-25,-98,-292,-1275
400,Z9,7/7/1998,1997,11,199704,199704,1997011,1997011,199745,199745,4975,4902,4708,3725,9/1/1997,8/29/1998,6/28/1998,7/25/1998,5/31/1998,8/29/1998,7/5/1998,7/11/1998,4,-25,-98,-292,-1275
400,Z9,7/8/1998,1997,11,199704,199704,1997011,1997011,199745,199745,4975,4902,4708,3725,9/1/1997,8/29/1998,6/28/1998,7/25/1998,5/31/1998,8/29/1998,7/5/1998,7/11/1998,4,-25,-98,-292,-1275
400,Z9,7/9/1998,1997,11,199704,199704,1997011,1997011,199745,199745,4975,4902,4708,3725,9/1/1997,8/29/1998,6/28/1998,7/25/1998,5/31/1998,8/29/1998,7/5/1998,7/11/1998,4,-25,-98,-292,-1275
400,Z9,7/10/1998,1997,11,199704,199704,1997011,1997011,199745,199745,4975,4902,4708,3725,9/1/1997,8/29/1998,6/28/1998,7/25/1998,5/31/1998,8/29/1998,7/5/1998,7/11/1998,4,-25,-98,-292,-1275
400,Z9,7/11/1998,1997,11,199704,199704,1997011,1997011,199745,199745,4975,4902,4708,3725,9/1/1997,8/29/1998,6/28/1998,7/25/1998,5/31/1998,8/29/1998,7/5/1998,7/11/1998,4,-25,-98,-292,-1275
400,Z9,7/12/1998,1997,11,199704,199704,1997011,1997011,199746,199746,4975,4902,4708,3726,9/1/1997,8/29/1998,6/28/1998,7/25/1998,5/31/1998,8/29/1998,7/12/1998,7/18/1998,4,-25,-98,-292,-1274
400,Z9,7/13/1998,1997,11,199704,199704,1997011,1997011,199746,199746,4975,4902,4708,3726,9/1/1997,8/29/1998,6/28/1998,7/25/1998,5/31/1998,8/29/1998,7/12/1998,7/18/1998,4,-25,-98,-292,-1274
400,Z9,7/14/1998,1997,11,199704,199704,1997011,1997011,199746,199746,4975,4902,4708,3726,9/1/1997,8/29/1998,6/28/1998,7/25/1998,5/31/1998,8/29/1998,7/12/1998,7/18/1998,4,-25,-98,-292,-1274
400,Z9,7/15/1998,1997,11,199704,199704,1997011,1997011,199746,199746,4975,4902,4708,3726,9/1/1997,8/29/1998,6/28/1998,7/25/1998,5/31/1998,8/29/1998,7/12/1998,7/18/1998,4,-25,-98,-292,-1274
400,Z9,7/16/1998,1997,11,199704,199704,1997011,1997011,199746,199746,4975,4902,4708,3726,9/1/1997,8/29/1998,6/28/1998,7/25/1998,5/31/1998,8/29/1998,7/12/1998,7/18/1998,4,-25,-98,-292,-1274
400,Z9,7/17/1998,1997,11,199704,199704,1997011,1997011,199746,199746,4975,4902,4708,3726,9/1/1997,8/29/1998,6/28/1998,7/25/1998,5/31/1998,8/29/1998,7/12/1998,7/18/1998,4,-25,-98,-292,-1274
400,Z9,7/18/1998,1997,11,199704,199704,1997011,1997011,199746,199746,4975,4902,4708,3726,9/1/1997,8/29/1998,6/28/1998,7/25/1998,5/31/1998,8/29/1998,7/12/1998,7/18/1998,4,-25,-98,-292,-1274
400,Z9,7/19/1998,1997,11,199704,199704,1997011,1997011,199747,199747,4975,4902,4708,3727,9/1/1997,8/29/1998,6/28/1998,7/25/1998,5/31/1998,8/29/1998,7/19/1998,7/25/1998,4,-25,-98,-292,-1273
400,Z9,7/20/1998,1997,11,199704,199704,1997011,1997011,199747,199747,4975,4902,4708,3727,9/1/1997,8/29/1998,6/28/1998,7/25/1998,5/31/1998,8/29/1998,7/19/1998,7/25/1998,4,-25,-98,-292,-1273
400,Z9,7/21/1998,1997,11,199704,199704,1997011,1997011,199747,199747,4975,4902,4708,3727,9/1/1997,8/29/1998,6/28/1998,7/25/1998,5/31/1998,8/29/1998,7/19/1998,7/25/1998,4,-25,-98,-292,-1273
400,Z9,7/22/1998,1997,11,199704,199704,1997011,1997011,199747,199747,4975,4902,4708,3727,9/1/1997,8/29/1998,6/28/1998,7/25/1998,5/31/1998,8/29/1998,7/19/1998,7/25/1998,4,-25,-98,-292,-1273
400,Z9,7/23/1998,1997,11,199704,199704,1997011,1997011,199747,199747,4975,4902,4708,3727,9/1/1997,8/29/1998,6/28/1998,7/25/1998,5/31/1998,8/29/1998,7/19/1998,7/25/1998,4,-25,-98,-292,-1273
400,Z9,7/24/1998,1997,11,199704,199704,1997011,1997011,199747,199747,4975,4902,4708,3727,9/1/1997,8/29/1998,6/28/1998,7/25/1998,5/31/1998,8/29/1998,7/19/1998,7/25/1998,4,-25,-98,-292,-1273
400,Z9,7/25/1998,1997,11,199704,199704,1997011,1997011,199747,199747,4975,4902,4708,3727,9/1/1997,8/29/1998,6/28/1998,7/25/1998,5/31/1998,8/29/1998,7/19/1998,7/25/1998,4,-25,-98,-292,-1273
400,Z9,7/26/1998,1997,12,199704,199704,1997012,1997012,199748,199748,4975,4902,4709,3728,9/1/1997,8/29/1998,7/26/1998,8/29/1998,5/31/1998,8/29/1998,7/26/1998,8/1/1998,4,-25,-98,-291,-1272
400,Z9,7/27/1998,1997,12,199704,199704,1997012,1997012,199748,199748,4975,4902,4709,3728,9/1/1997,8/29/1998,7/26/1998,8/29/1998,5/31/1998,8/29/1998,7/26/1998,8/1/1998,4,-25,-98,-291,-1272
400,Z9,7/28/1998,1997,12,199704,199704,1997012,1997012,199748,199748,4975,4902,4709,3728,9/1/1997,8/29/1998,7/26/1998,8/29/1998,5/31/1998,8/29/1998,7/26/1998,8/1/1998,4,-25,-98,-291,-1272
400,Z9,7/29/1998,1997,12,199704,199704,1997012,1997012,199748,199748,4975,4902,4709,3728,9/1/1997,8/29/1998,7/26/1998,8/29/1998,5/31/1998,8/29/1998,7/26/1998,8/1/1998,4,-25,-98,-291,-1272
400,Z9,7/30/1998,1997,12,199704,199704,1997012,1997012,199748,199748,4975,4902,4709,3728,9/1/1997,8/29/1998,7/26/1998,8/29/1998,5/31/1998,8/29/1998,7/26/1998,8/1/1998,4,-25,-98,-291,-1272
400,Z9,7/31/1998,1997,12,199704,199704,1997012,1997012,199748,199748,4975,4902,4709,3728,9/1/1997,8/29/1998,7/26/1998,8/29/1998,5/31/1998,8/29/1998,7/26/1998,8/1/1998,4,-25,-98,-291,-1272
400,Z9,8/1/1998,1997,12,199704,199704,1997012,1997012,199748,199748,4975,4902,4709,3728,9/1/1997,8/29/1998,7/26/1998,8/29/1998,5/31/1998,8/29/1998,7/26/1998,8/1/1998,4,-25,-98,-291,-1272
400,Z9,8/2/1998,1997,12,199704,199704,1997012,1997012,199749,199749,4975,4902,4709,3729,9/1/1997,8/29/1998,7/26/1998,8/29/1998,5/31/1998,8/29/1998,8/2/1998,8/8/1998,4,-25,-98,-291,-1271
400,Z9,8/3/1998,1997,12,199704,199704,1997012,1997012,199749,199749,4975,4902,4709,3729,9/1/1997,8/29/1998,7/26/1998,8/29/1998,5/31/1998,8/29/1998,8/2/1998,8/8/1998,4,-25,-98,-291,-1271
400,Z9,8/4/1998,1997,12,199704,199704,1997012,1997012,199749,199749,4975,4902,4709,3729,9/1/1997,8/29/1998,7/26/1998,8/29/1998,5/31/1998,8/29/1998,8/2/1998,8/8/1998,4,-25,-98,-291,-1271
400,Z9,8/5/1998,1997,12,199704,199704,1997012,1997012,199749,199749,4975,4902,4709,3729,9/1/1997,8/29/1998,7/26/1998,8/29/1998,5/31/1998,8/29/1998,8/2/1998,8/8/1998,4,-25,-98,-291,-1271
400,Z9,8/6/1998,1997,12,199704,199704,1997012,1997012,199749,199749,4975,4902,4709,3729,9/1/1997,8/29/1998,7/26/1998,8/29/1998,5/31/1998,8/29/1998,8/2/1998,8/8/1998,4,-25,-98,-291,-1271
400,Z9,8/7/1998,1997,12,199704,199704,1997012,1997012,199749,199749,4975,4902,4709,3729,9/1/1997,8/29/1998,7/26/1998,8/29/1998,5/31/1998,8/29/1998,8/2/1998,8/8/1998,4,-25,-98,-291,-1271
400,Z9,8/8/1998,1997,12,199704,199704,1997012,1997012,199749,199749,4975,4902,4709,3729,9/1/1997,8/29/1998,7/26/1998,8/29/1998,5/31/1998,8/29/1998,8/2/1998,8/8/1998,4,-25,-98,-291,-1271
400,Z9,8/9/1998,1997,12,199704,199704,1997012,1997012,199750,199750,4975,4902,4709,3730,9/1/1997,8/29/1998,7/26/1998,8/29/1998,5/31/1998,8/29/1998,8/9/1998,8/15/1998,4,-25,-98,-291,-1270
400,Z9,8/10/1998,1997,12,199704,199704,1997012,1997012,199750,199750,4975,4902,4709,3730,9/1/1997,8/29/1998,7/26/1998,8/29/1998,5/31/1998,8/29/1998,8/9/1998,8/15/1998,4,-25,-98,-291,-1270
400,Z9,8/11/1998,1997,12,199704,199704,1997012,1997012,199750,199750,4975,4902,4709,3730,9/1/1997,8/29/1998,7/26/1998,8/29/1998,5/31/1998,8/29/1998,8/9/1998,8/15/1998,4,-25,-98,-291,-1270
400,Z9,8/12/1998,1997,12,199704,199704,1997012,1997012,199750,199750,4975,4902,4709,3730,9/1/1997,8/29/1998,7/26/1998,8/29/1998,5/31/1998,8/29/1998,8/9/1998,8/15/1998,4,-25,-98,-291,-1270
400,Z9,8/13/1998,1997,12,199704,199704,1997012,1997012,199750,199750,4975,4902,4709,3730,9/1/1997,8/29/1998,7/26/1998,8/29/1998,5/31/1998,8/29/1998,8/9/1998,8/15/1998,4,-25,-98,-291,-1270
400,Z9,8/14/1998,1997,12,199704,199704,1997012,1997012,199750,199750,4975,4902,4709,3730,9/1/1997,8/29/1998,7/26/1998,8/29/1998,5/31/1998,8/29/1998,8/9/1998,8/15/1998,4,-25,-98,-291,-1270
400,Z9,10/25/1998,1998,3,199801,199801,1998003,1998003,199809,199809,4976,4903,4712,3741,8/30/1998,8/28/1999,10/25/1998,11/28/1998,8/30/1998,11/28/1998,10/25/1998,10/31/1998,4,-24,-97,-288,-1259
400,Z9,10/26/1998,1998,3,199801,199801,1998003,1998003,199809,199809,4976,4903,4712,3741,8/30/1998,8/28/1999,10/25/1998,11/28/1998,8/30/1998,11/28/1998,10/25/1998,10/31/1998,4,-24,-97,-288,-1259
400,Z9,10/27/1998,1998,3,199801,199801,1998003,1998003,199809,199809,4976,4903,4712,3741,8/30/1998,8/28/1999,10/25/1998,11/28/1998,8/30/1998,11/28/1998,10/25/1998,10/31/1998,4,-24,-97,-288,-1259
400,Z9,9/27/1998,1998,2,199801,199801,1998002,1998002,199805,199805,4976,4903,4711,3737,8/30/1998,8/28/1999,9/27/1998,10/24/1998,8/30/1998,11/28/1998,9/27/1998,10/3/1998,4,-24,-97,-289,-1263
400,Z9,9/28/1998,1998,2,199801,199801,1998002,1998002,199805,199805,4976,4903,4711,3737,8/30/1998,8/28/1999,9/27/1998,10/24/1998,8/30/1998,11/28/1998,9/27/1998,10/3/1998,4,-24,-97,-289,-1263
400,Z9,9/29/1998,1998,2,199801,199801,1998002,1998002,199805,199805,4976,4903,4711,3737,8/30/1998,8/28/1999,9/27/1998,10/24/1998,8/30/1998,11/28/1998,9/27/1998,10/3/1998,4,-24,-97,-289,-1263
400,Z9,9/30/1998,1998,2,199801,199801,1998002,1998002,199805,199805,4976,4903,4711,3737,8/30/1998,8/28/1999,9/27/1998,10/24/1998,8/30/1998,11/28/1998,9/27/1998,10/3/1998,4,-24,-97,-289,-1263
400,Z9,10/1/1998,1998,2,199801,199801,1998002,1998002,199805,199805,4976,4903,4711,3737,8/30/1998,8/28/1999,9/27/1998,10/24/1998,8/30/1998,11/28/1998,9/27/1998,10/3/1998,4,-24,-97,-289,-1263
400,Z9,10/2/1998,1998,2,199801,199801,1998002,1998002,199805,199805,4976,4903,4711,3737,8/30/1998,8/28/1999,9/27/1998,10/24/1998,8/30/1998,11/28/1998,9/27/1998,10/3/1998,4,-24,-97,-289,-1263
400,Z9,10/3/1998,1998,2,199801,199801,1998002,1998002,199805,199805,4976,4903,4711,3737,8/30/1998,8/28/1999,9/27/1998,10/24/1998,8/30/1998,11/28/1998,9/27/1998,10/3/1998,4,-24,-97,-289,-1263
400,Z9,10/4/1998,1998,2,199801,199801,1998002,1998002,199806,199806,4976,4903,4711,3738,8/30/1998,8/28/1999,9/27/1998,10/24/1998,8/30/1998,11/28/1998,10/4/1998,10/10/1998,4,-24,-97,-289,-1262
400,Z9,10/5/1998,1998,2,199801,199801,1998002,1998002,199806,199806,4976,4903,4711,3738,8/30/1998,8/28/1999,9/27/1998,10/24/1998,8/30/1998,11/28/1998,10/4/1998,10/10/1998,4,-24,-97,-289,-1262
400,Z9,10/6/1998,1998,2,199801,199801,1998002,1998002,199806,199806,4976,4903,4711,3738,8/30/1998,8/28/1999,9/27/1998,10/24/1998,8/30/1998,11/28/1998,10/4/1998,10/10/1998,4,-24,-97,-289,-1262
400,Z9,10/7/1998,1998,2,199801,199801,1998002,1998002,199806,199806,4976,4903,4711,3738,8/30/1998,8/28/1999,9/27/1998,10/24/1998,8/30/1998,11/28/1998,10/4/1998,10/10/1998,4,-24,-97,-289,-1262
400,Z9,10/8/1998,1998,2,199801,199801,1998002,1998002,199806,199806,4976,4903,4711,3738,8/30/1998,8/28/1999,9/27/1998,10/24/1998,8/30/1998,11/28/1998,10/4/1998,10/10/1998,4,-24,-97,-289,-1262
400,Z9,10/9/1998,1998,2,199801,199801,1998002,1998002,199806,199806,4976,4903,4711,3738,8/30/1998,8/28/1999,9/27/1998,10/24/1998,8/30/1998,11/28/1998,10/4/1998,10/10/1998,4,-24,-97,-289,-1262
400,Z9,10/10/1998,1998,2,199801,199801,1998002,1998002,199806,199806,4976,4903,4711,3738,8/30/1998,8/28/1999,9/27/1998,10/24/1998,8/30/1998,11/28/1998,10/4/1998,10/10/1998,4,-24,-97,-289,-1262
400,Z9,10/11/1998,1998,2,199801,199801,1998002,1998002,199807,199807,4976,4903,4711,3739,8/30/1998,8/28/1999,9/27/1998,10/24/1998,8/30/1998,11/28/1998,10/11/1998,10/17/1998,4,-24,-97,-289,-1261
400,Z9,10/12/1998,1998,2,199801,199801,1998002,1998002,199807,199807,4976,4903,4711,3739,8/30/1998,8/28/1999,9/27/1998,10/24/1998,8/30/1998,11/28/1998,10/11/1998,10/17/1998,4,-24,-97,-289,-1261
400,Z9,10/13/1998,1998,2,199801,199801,1998002,1998002,199807,199807,4976,4903,4711,3739,8/30/1998,8/28/1999,9/27/1998,10/24/1998,8/30/1998,11/28/1998,10/11/1998,10/17/1998,4,-24,-97,-289,-1261
400,Z9,10/14/1998,1998,2,199801,199801,1998002,1998002,199807,199807,4976,4903,4711,3739,8/30/1998,8/28/1999,9/27/1998,10/24/1998,8/30/1998,11/28/1998,10/11/1998,10/17/1998,4,-24,-97,-289,-1261
400,Z9,10/15/1998,1998,2,199801,199801,1998002,1998002,199807,199807,4976,4903,4711,3739,8/30/1998,8/28/1999,9/27/1998,10/24/1998,8/30/1998,11/28/1998,10/11/1998,10/17/1998,4,-24,-97,-289,-1261
400,Z9,10/16/1998,1998,2,199801,199801,1998002,1998002,199807,199807,4976,4903,4711,3739,8/30/1998,8/28/1999,9/27/1998,10/24/1998,8/30/1998,11/28/1998,10/11/1998,10/17/1998,4,-24,-97,-289,-1261
400,Z9,10/17/1998,1998,2,199801,199801,1998002,1998002,199807,199807,4976,4903,4711,3739,8/30/1998,8/28/1999,9/27/1998,10/24/1998,8/30/1998,11/28/1998,10/11/1998,10/17/1998,4,-24,-97,-289,-1261
400,Z9,10/18/1998,1998,2,199801,199801,1998002,1998002,199808,199808,4976,4903,4711,3740,8/30/1998,8/28/1999,9/27/1998,10/24/1998,8/30/1998,11/28/1998,10/18/1998,10/24/1998,4,-24,-97,-289,-1260
400,Z9,10/19/1998,1998,2,199801,199801,1998002,1998002,199808,199808,4976,4903,4711,3740,8/30/1998,8/28/1999,9/27/1998,10/24/1998,8/30/1998,11/28/1998,10/18/1998,10/24/1998,4,-24,-97,-289,-1260
400,Z9,10/20/1998,1998,2,199801,199801,1998002,1998002,199808,199808,4976,4903,4711,3740,8/30/1998,8/28/1999,9/27/1998,10/24/1998,8/30/1998,11/28/1998,10/18/1998,10/24/1998,4,-24,-97,-289,-1260
400,Z9,10/21/1998,1998,2,199801,199801,1998002,1998002,199808,199808,4976,4903,4711,3740,8/30/1998,8/28/1999,9/27/1998,10/24/1998,8/30/1998,11/28/1998,10/18/1998,10/24/1998,4,-24,-97,-289,-1260
400,Z9,10/22/1998,1998,2,199801,199801,1998002,1998002,199808,199808,4976,4903,4711,3740,8/30/1998,8/28/1999,9/27/1998,10/24/1998,8/30/1998,11/28/1998,10/18/1998,10/24/1998,4,-24,-97,-289,-1260
400,Z9,10/23/1998,1998,2,199801,199801,1998002,1998002,199808,199808,4976,4903,4711,3740,8/30/1998,8/28/1999,9/27/1998,10/24/1998,8/30/1998,11/28/1998,10/18/1998,10/24/1998,4,-24,-97,-289,-1260
400,Z9,10/24/1998,1998,2,199801,199801,1998002,1998002,199808,199808,4976,4903,4711,3740,8/30/1998,8/28/1999,9/27/1998,10/24/1998,8/30/1998,11/28/1998,10/18/1998,10/24/1998,4,-24,-97,-289,-1260
400,Z9,10/28/1998,1998,3,199801,199801,1998003,1998003,199809,199809,4976,4903,4712,3741,8/30/1998,8/28/1999,10/25/1998,11/28/1998,8/30/1998,11/28/1998,10/25/1998,10/31/1998,4,-24,-97,-288,-1259
400,Z9,10/29/1998,1998,3,199801,199801,1998003,1998003,199809,199809,4976,4903,4712,3741,8/30/1998,8/28/1999,10/25/1998,11/28/1998,8/30/1998,11/28/1998,10/25/1998,10/31/1998,4,-24,-97,-288,-1259
400,Z9,10/30/1998,1998,3,199801,199801,1998003,1998003,199809,199809,4976,4903,4712,3741,8/30/1998,8/28/1999,10/25/1998,11/28/1998,8/30/1998,11/28/1998,10/25/1998,10/31/1998,4,-24,-97,-288,-1259
400,Z9,10/31/1998,1998,3,199801,199801,1998003,1998003,199809,199809,4976,4903,4712,3741,8/30/1998,8/28/1999,10/25/1998,11/28/1998,8/30/1998,11/28/1998,10/25/1998,10/31/1998,4,-24,-97,-288,-1259
400,Z9,11/1/1998,1998,3,199801,199801,1998003,1998003,199810,199810,4976,4903,4712,3742,8/30/1998,8/28/1999,10/25/1998,11/28/1998,8/30/1998,11/28/1998,11/1/1998,11/7/1998,4,-24,-97,-288,-1258
400,Z9,11/2/1998,1998,3,199801,199801,1998003,1998003,199810,199810,4976,4903,4712,3742,8/30/1998,8/28/1999,10/25/1998,11/28/1998,8/30/1998,11/28/1998,11/1/1998,11/7/1998,4,-24,-97,-288,-1258
400,Z9,11/3/1998,1998,3,199801,199801,1998003,1998003,199810,199810,4976,4903,4712,3742,8/30/1998,8/28/1999,10/25/1998,11/28/1998,8/30/1998,11/28/1998,11/1/1998,11/7/1998,4,-24,-97,-288,-1258
400,Z9,11/4/1998,1998,3,199801,199801,1998003,1998003,199810,199810,4976,4903,4712,3742,8/30/1998,8/28/1999,10/25/1998,11/28/1998,8/30/1998,11/28/1998,11/1/1998,11/7/1998,4,-24,-97,-288,-1258
400,Z9,11/5/1998,1998,3,199801,199801,1998003,1998003,199810,199810,4976,4903,4712,3742,8/30/1998,8/28/1999,10/25/1998,11/28/1998,8/30/1998,11/28/1998,11/1/1998,11/7/1998,4,-24,-97,-288,-1258
400,Z9,11/6/1998,1998,3,199801,199801,1998003,1998003,199810,199810,4976,4903,4712,3742,8/30/1998,8/28/1999,10/25/1998,11/28/1998,8/30/1998,11/28/1998,11/1/1998,11/7/1998,4,-24,-97,-288,-1258
400,Z9,11/7/1998,1998,3,199801,199801,1998003,1998003,199810,199810,4976,4903,4712,3742,8/30/1998,8/28/1999,10/25/1998,11/28/1998,8/30/1998,11/28/1998,11/1/1998,11/7/1998,4,-24,-97,-288,-1258
400,Z9,11/8/1998,1998,3,199801,199801,1998003,1998003,199811,199811,4976,4903,4712,3743,8/30/1998,8/28/1999,10/25/1998,11/28/1998,8/30/1998,11/28/1998,11/8/1998,11/14/1998,4,-24,-97,-288,-1257
400,Z9,11/9/1998,1998,3,199801,199801,1998003,1998003,199811,199811,4976,4903,4712,3743,8/30/1998,8/28/1999,10/25/1998,11/28/1998,8/30/1998,11/28/1998,11/8/1998,11/14/1998,4,-24,-97,-288,-1257
400,Z9,11/10/1998,1998,3,199801,199801,1998003,1998003,199811,199811,4976,4903,4712,3743,8/30/1998,8/28/1999,10/25/1998,11/28/1998,8/30/1998,11/28/1998,11/8/1998,11/14/1998,4,-24,-97,-288,-1257
400,Z9,11/11/1998,1998,3,199801,199801,1998003,1998003,199811,199811,4976,4903,4712,3743,8/30/1998,8/28/1999,10/25/1998,11/28/1998,8/30/1998,11/28/1998,11/8/1998,11/14/1998,4,-24,-97,-288,-1257
400,Z9,11/12/1998,1998,3,199801,199801,1998003,1998003,199811,199811,4976,4903,4712,3743,8/30/1998,8/28/1999,10/25/1998,11/28/1998,8/30/1998,11/28/1998,11/8/1998,11/14/1998,4,-24,-97,-288,-1257
400,Z9,11/13/1998,1998,3,199801,199801,1998003,1998003,199811,199811,4976,4903,4712,3743,8/30/1998,8/28/1999,10/25/1998,11/28/1998,8/30/1998,11/28/1998,11/8/1998,11/14/1998,4,-24,-97,-288,-1257
400,Z9,11/14/1998,1998,3,199801,199801,1998003,1998003,199811,199811,4976,4903,4712,3743,8/30/1998,8/28/1999,10/25/1998,11/28/1998,8/30/1998,11/28/1998,11/8/1998,11/14/1998,4,-24,-97,-288,-1257
400,Z9,11/15/1998,1998,3,199801,199801,1998003,1998003,199812,199812,4976,4903,4712,3744,8/30/1998,8/28/1999,10/25/1998,11/28/1998,8/30/1998,11/28/1998,11/15/1998,11/21/1998,4,-24,-97,-288,-1256
400,Z9,11/16/1998,1998,3,199801,199801,1998003,1998003,199812,199812,4976,4903,4712,3744,8/30/1998,8/28/1999,10/25/1998,11/28/1998,8/30/1998,11/28/1998,11/15/1998,11/21/1998,4,-24,-97,-288,-1256
400,Z9,11/17/1998,1998,3,199801,199801,1998003,1998003,199812,199812,4976,4903,4712,3744,8/30/1998,8/28/1999,10/25/1998,11/28/1998,8/30/1998,11/28/1998,11/15/1998,11/21/1998,4,-24,-97,-288,-1256
400,Z9,11/18/1998,1998,3,199801,199801,1998003,1998003,199812,199812,4976,4903,4712,3744,8/30/1998,8/28/1999,10/25/1998,11/28/1998,8/30/1998,11/28/1998,11/15/1998,11/21/1998,4,-24,-97,-288,-1256
400,Z9,11/19/1998,1998,3,199801,199801,1998003,1998003,199812,199812,4976,4903,4712,3744,8/30/1998,8/28/1999,10/25/1998,11/28/1998,8/30/1998,11/28/1998,11/15/1998,11/21/1998,4,-24,-97,-288,-1256
400,Z9,11/20/1998,1998,3,199801,199801,1998003,1998003,199812,199812,4976,4903,4712,3744,8/30/1998,8/28/1999,10/25/1998,11/28/1998,8/30/1998,11/28/1998,11/15/1998,11/21/1998,4,-24,-97,-288,-1256
400,Z9,11/21/1998,1998,3,199801,199801,1998003,1998003,199812,199812,4976,4903,4712,3744,8/30/1998,8/28/1999,10/25/1998,11/28/1998,8/30/1998,11/28/1998,11/15/1998,11/21/1998,4,-24,-97,-288,-1256
400,Z9,11/22/1998,1998,3,199801,199801,1998003,1998003,199813,199813,4976,4903,4712,3745,8/30/1998,8/28/1999,10/25/1998,11/28/1998,8/30/1998,11/28/1998,11/22/1998,11/28/1998,4,-24,-97,-288,-1255
400,Z9,11/23/1998,1998,3,199801,199801,1998003,1998003,199813,199813,4976,4903,4712,3745,8/30/1998,8/28/1999,10/25/1998,11/28/1998,8/30/1998,11/28/1998,11/22/1998,11/28/1998,4,-24,-97,-288,-1255
400,Z9,11/24/1998,1998,3,199801,199801,1998003,1998003,199813,199813,4976,4903,4712,3745,8/30/1998,8/28/1999,10/25/1998,11/28/1998,8/30/1998,11/28/1998,11/22/1998,11/28/1998,4,-24,-97,-288,-1255
400,Z9,11/25/1998,1998,3,199801,199801,1998003,1998003,199813,199813,4976,4903,4712,3745,8/30/1998,8/28/1999,10/25/1998,11/28/1998,8/30/1998,11/28/1998,11/22/1998,11/28/1998,4,-24,-97,-288,-1255
400,Z9,11/26/1998,1998,3,199801,199801,1998003,1998003,199813,199813,4976,4903,4712,3745,8/30/1998,8/28/1999,10/25/1998,11/28/1998,8/30/1998,11/28/1998,11/22/1998,11/28/1998,4,-24,-97,-288,-1255
400,Z9,11/27/1998,1998,3,199801,199801,1998003,1998003,199813,199813,4976,4903,4712,3745,8/30/1998,8/28/1999,10/25/1998,11/28/1998,8/30/1998,11/28/1998,11/22/1998,11/28/1998,4,-24,-97,-288,-1255